{"by_l1": [{"name": "游戏玩法用语", "value": 114535}, {"name": "游戏综合术语", "value": 47109}, {"name": "角色与职责", "value": 29106}, {"name": "游戏分类相关", "value": 3431}], "by_l2": [{"name": "通用", "value": 82002}, {"name": "系统与机制", "value": 30119}, {"name": "职责分工", "value": 13003}, {"name": "综合及其他", "value": 11798}, {"name": "主要职业", "value": 9664}, {"name": "STG类", "value": 6754}, {"name": "FPS类", "value": 6741}, {"name": "角色综合", "value": 6439}, {"name": "MOBA类", "value": 5271}, {"name": "(A)RPG类", "value": 4726}, {"name": "发布与制作", "value": 3458}, {"name": "FTG类", "value": 2747}, {"name": "抽卡游戏类", "value": 2241}, {"name": "游戏典故", "value": 1883}, {"name": "按玩家人数分类", "value": 1425}, {"name": "发展与运营", "value": 1399}, {"name": "音乐游戏类", "value": 1299}, {"name": "按游戏平台分类", "value": 941}, {"name": "按游戏内容分类", "value": 841}, {"name": "玄学相关", "value": 437}, {"name": "游戏圈吐槽语", "value": 434}, {"name": "制作与运营", "value": 335}, {"name": "其他分类", "value": 215}, {"name": "按游戏形式分类", "value": 7}, {"name": "按年龄限制分类", "value": 2}, {"name": "结局类型", "value": 0}], "details_l2": [{"name": "系统与机制", "value": 4, "l1": "游戏综合术语"}, {"name": "系统与机制", "value": 15, "l1": "游戏综合术语"}, {"name": "系统与机制", "value": 0, "l1": "游戏综合术语"}, {"name": "系统与机制", "value": 47, "l1": "游戏综合术语"}, {"name": "系统与机制", "value": 2116, "l1": "游戏综合术语"}, {"name": "系统与机制", "value": 2, "l1": "游戏综合术语"}, {"name": "系统与机制", "value": 0, "l1": "游戏综合术语"}, {"name": "系统与机制", "value": 0, "l1": "游戏综合术语"}, {"name": "系统与机制", "value": 0, "l1": "游戏综合术语"}, {"name": "系统与机制", "value": 518, "l1": "游戏综合术语"}, {"name": "系统与机制", "value": 460, "l1": "游戏综合术语"}, {"name": "系统与机制", "value": 0, "l1": "游戏综合术语"}, {"name": "系统与机制", "value": 541, "l1": "游戏综合术语"}, {"name": "系统与机制", "value": 0, "l1": "游戏综合术语"}, {"name": "系统与机制", "value": 2960, "l1": "游戏综合术语"}, {"name": "系统与机制", "value": 17, "l1": "游戏综合术语"}, {"name": "系统与机制", "value": 67, "l1": "游戏综合术语"}, {"name": "系统与机制", "value": 683, "l1": "游戏综合术语"}, {"name": "系统与机制", "value": 31, "l1": "游戏综合术语"}, {"name": "系统与机制", "value": 0, "l1": "游戏综合术语"}, {"name": "系统与机制", "value": 0, "l1": "游戏综合术语"}, {"name": "系统与机制", "value": 0, "l1": "游戏综合术语"}, {"name": "系统与机制", "value": 0, "l1": "游戏综合术语"}, {"name": "系统与机制", "value": 0, "l1": "游戏综合术语"}, {"name": "系统与机制", "value": 247, "l1": "游戏综合术语"}, {"name": "系统与机制", "value": 0, "l1": "游戏综合术语"}, {"name": "系统与机制", "value": 0, "l1": "游戏综合术语"}, {"name": "系统与机制", "value": 4428, "l1": "游戏综合术语"}, {"name": "系统与机制", "value": 0, "l1": "游戏综合术语"}, {"name": "系统与机制", "value": 30, "l1": "游戏综合术语"}, {"name": "系统与机制", "value": 0, "l1": "游戏综合术语"}, {"name": "系统与机制", "value": 14, "l1": "游戏综合术语"}, {"name": "系统与机制", "value": 981, "l1": "游戏综合术语"}, {"name": "系统与机制", "value": 352, "l1": "游戏综合术语"}, {"name": "系统与机制", "value": 53, "l1": "游戏综合术语"}, {"name": "系统与机制", "value": 2330, "l1": "游戏综合术语"}, {"name": "系统与机制", "value": 44, "l1": "游戏综合术语"}, {"name": "系统与机制", "value": 0, "l1": "游戏综合术语"}, {"name": "系统与机制", "value": 203, "l1": "游戏综合术语"}, {"name": "系统与机制", "value": 0, "l1": "游戏综合术语"}, {"name": "系统与机制", "value": 0, "l1": "游戏综合术语"}, {"name": "系统与机制", "value": 0, "l1": "游戏综合术语"}, {"name": "系统与机制", "value": 0, "l1": "游戏综合术语"}, {"name": "系统与机制", "value": 7, "l1": "游戏综合术语"}, {"name": "系统与机制", "value": 16, "l1": "游戏综合术语"}, {"name": "系统与机制", "value": 0, "l1": "游戏综合术语"}, {"name": "系统与机制", "value": 0, "l1": "游戏综合术语"}, {"name": "系统与机制", "value": 0, "l1": "游戏综合术语"}, {"name": "系统与机制", "value": 0, "l1": "游戏综合术语"}, {"name": "系统与机制", "value": 0, "l1": "游戏综合术语"}, {"name": "系统与机制", "value": 0, "l1": "游戏综合术语"}, {"name": "系统与机制", "value": 0, "l1": "游戏综合术语"}, {"name": "系统与机制", "value": 0, "l1": "游戏综合术语"}, {"name": "系统与机制", "value": 0, "l1": "游戏综合术语"}, {"name": "系统与机制", "value": 0, "l1": "游戏综合术语"}, {"name": "系统与机制", "value": 1691, "l1": "游戏综合术语"}, {"name": "系统与机制", "value": 2679, "l1": "游戏综合术语"}, {"name": "系统与机制", "value": 0, "l1": "游戏综合术语"}, {"name": "系统与机制", "value": 0, "l1": "游戏综合术语"}, {"name": "系统与机制", "value": 0, "l1": "游戏综合术语"}, {"name": "系统与机制", "value": 0, "l1": "游戏综合术语"}, {"name": "系统与机制", "value": 0, "l1": "游戏综合术语"}, {"name": "系统与机制", "value": 0, "l1": "游戏综合术语"}, {"name": "系统与机制", "value": 8, "l1": "游戏综合术语"}, {"name": "系统与机制", "value": 0, "l1": "游戏综合术语"}, {"name": "系统与机制", "value": 0, "l1": "游戏综合术语"}, {"name": "系统与机制", "value": 0, "l1": "游戏综合术语"}, {"name": "系统与机制", "value": 95, "l1": "游戏综合术语"}, {"name": "系统与机制", "value": 8, "l1": "游戏综合术语"}, {"name": "系统与机制", "value": 0, "l1": "游戏综合术语"}, {"name": "系统与机制", "value": 749, "l1": "游戏综合术语"}, {"name": "系统与机制", "value": 290, "l1": "游戏综合术语"}, {"name": "系统与机制", "value": 0, "l1": "游戏综合术语"}, {"name": "系统与机制", "value": 15, "l1": "游戏综合术语"}, {"name": "系统与机制", "value": 4414, "l1": "游戏综合术语"}, {"name": "系统与机制", "value": 0, "l1": "游戏综合术语"}, {"name": "系统与机制", "value": 89, "l1": "游戏综合术语"}, {"name": "系统与机制", "value": 2385, "l1": "游戏综合术语"}, {"name": "系统与机制", "value": 0, "l1": "游戏综合术语"}, {"name": "系统与机制", "value": 689, "l1": "游戏综合术语"}, {"name": "系统与机制", "value": 0, "l1": "游戏综合术语"}, {"name": "系统与机制", "value": 655, "l1": "游戏综合术语"}, {"name": "系统与机制", "value": 0, "l1": "游戏综合术语"}, {"name": "系统与机制", "value": 186, "l1": "游戏综合术语"}, {"name": "系统与机制", "value": 0, "l1": "游戏综合术语"}, {"name": "系统与机制", "value": 0, "l1": "游戏综合术语"}, {"name": "结局类型", "value": 0, "l1": "游戏综合术语"}, {"name": "结局类型", "value": 0, "l1": "游戏综合术语"}, {"name": "结局类型", "value": 0, "l1": "游戏综合术语"}, {"name": "结局类型", "value": 0, "l1": "游戏综合术语"}, {"name": "结局类型", "value": 0, "l1": "游戏综合术语"}, {"name": "结局类型", "value": 0, "l1": "游戏综合术语"}, {"name": "结局类型", "value": 0, "l1": "游戏综合术语"}, {"name": "结局类型", "value": 0, "l1": "游戏综合术语"}, {"name": "结局类型", "value": 0, "l1": "游戏综合术语"}, {"name": "结局类型", "value": 0, "l1": "游戏综合术语"}, {"name": "结局类型", "value": 0, "l1": "游戏综合术语"}, {"name": "结局类型", "value": 0, "l1": "游戏综合术语"}, {"name": "结局类型", "value": 0, "l1": "游戏综合术语"}, {"name": "结局类型", "value": 0, "l1": "游戏综合术语"}, {"name": "发布与制作", "value": 5, "l1": "游戏综合术语"}, {"name": "发布与制作", "value": 61, "l1": "游戏综合术语"}, {"name": "发布与制作", "value": 65, "l1": "游戏综合术语"}, {"name": "发布与制作", "value": 8, "l1": "游戏综合术语"}, {"name": "发布与制作", "value": 2798, "l1": "游戏综合术语"}, {"name": "发布与制作", "value": 34, "l1": "游戏综合术语"}, {"name": "发布与制作", "value": 0, "l1": "游戏综合术语"}, {"name": "发布与制作", "value": 436, "l1": "游戏综合术语"}, {"name": "发布与制作", "value": 51, "l1": "游戏综合术语"}, {"name": "发展与运营", "value": 3, "l1": "游戏综合术语"}, {"name": "发展与运营", "value": 0, "l1": "游戏综合术语"}, {"name": "发展与运营", "value": 0, "l1": "游戏综合术语"}, {"name": "发展与运营", "value": 263, "l1": "游戏综合术语"}, {"name": "发展与运营", "value": 0, "l1": "游戏综合术语"}, {"name": "发展与运营", "value": 0, "l1": "游戏综合术语"}, {"name": "发展与运营", "value": 0, "l1": "游戏综合术语"}, {"name": "发展与运营", "value": 65, "l1": "游戏综合术语"}, {"name": "发展与运营", "value": 393, "l1": "游戏综合术语"}, {"name": "发展与运营", "value": 0, "l1": "游戏综合术语"}, {"name": "发展与运营", "value": 0, "l1": "游戏综合术语"}, {"name": "发展与运营", "value": 0, "l1": "游戏综合术语"}, {"name": "发展与运营", "value": 7, "l1": "游戏综合术语"}, {"name": "发展与运营", "value": 0, "l1": "游戏综合术语"}, {"name": "发展与运营", "value": 0, "l1": "游戏综合术语"}, {"name": "发展与运营", "value": 0, "l1": "游戏综合术语"}, {"name": "发展与运营", "value": 0, "l1": "游戏综合术语"}, {"name": "发展与运营", "value": 668, "l1": "游戏综合术语"}, {"name": "发展与运营", "value": 0, "l1": "游戏综合术语"}, {"name": "发展与运营", "value": 0, "l1": "游戏综合术语"}, {"name": "制作与运营", "value": 71, "l1": "游戏综合术语"}, {"name": "制作与运营", "value": 0, "l1": "游戏综合术语"}, {"name": "制作与运营", "value": 0, "l1": "游戏综合术语"}, {"name": "制作与运营", "value": 13, "l1": "游戏综合术语"}, {"name": "制作与运营", "value": 5, "l1": "游戏综合术语"}, {"name": "制作与运营", "value": 0, "l1": "游戏综合术语"}, {"name": "制作与运营", "value": 0, "l1": "游戏综合术语"}, {"name": "制作与运营", "value": 0, "l1": "游戏综合术语"}, {"name": "制作与运营", "value": 24, "l1": "游戏综合术语"}, {"name": "制作与运营", "value": 222, "l1": "游戏综合术语"}, {"name": "综合及其他", "value": 126, "l1": "游戏综合术语"}, {"name": "综合及其他", "value": 8623, "l1": "游戏综合术语"}, {"name": "综合及其他", "value": 21, "l1": "游戏综合术语"}, {"name": "综合及其他", "value": 0, "l1": "游戏综合术语"}, {"name": "综合及其他", "value": 0, "l1": "游戏综合术语"}, {"name": "综合及其他", "value": 0, "l1": "游戏综合术语"}, {"name": "综合及其他", "value": 30, "l1": "游戏综合术语"}, {"name": "综合及其他", "value": 41, "l1": "游戏综合术语"}, {"name": "综合及其他", "value": 949, "l1": "游戏综合术语"}, {"name": "综合及其他", "value": 1938, "l1": "游戏综合术语"}, {"name": "综合及其他", "value": 37, "l1": "游戏综合术语"}, {"name": "综合及其他", "value": 0, "l1": "游戏综合术语"}, {"name": "综合及其他", "value": 0, "l1": "游戏综合术语"}, {"name": "综合及其他", "value": 0, "l1": "游戏综合术语"}, {"name": "综合及其他", "value": 0, "l1": "游戏综合术语"}, {"name": "综合及其他", "value": 33, "l1": "游戏综合术语"}, {"name": "综合及其他", "value": 0, "l1": "游戏综合术语"}, {"name": "按游戏形式分类", "value": 0, "l1": "游戏分类相关"}, {"name": "按游戏形式分类", "value": 0, "l1": "游戏分类相关"}, {"name": "按游戏形式分类", "value": 0, "l1": "游戏分类相关"}, {"name": "按游戏形式分类", "value": 0, "l1": "游戏分类相关"}, {"name": "按游戏形式分类", "value": 0, "l1": "游戏分类相关"}, {"name": "按游戏形式分类", "value": 0, "l1": "游戏分类相关"}, {"name": "按游戏形式分类", "value": 0, "l1": "游戏分类相关"}, {"name": "按游戏形式分类", "value": 0, "l1": "游戏分类相关"}, {"name": "按游戏形式分类", "value": 0, "l1": "游戏分类相关"}, {"name": "按游戏形式分类", "value": 0, "l1": "游戏分类相关"}, {"name": "按游戏形式分类", "value": 0, "l1": "游戏分类相关"}, {"name": "按游戏形式分类", "value": 0, "l1": "游戏分类相关"}, {"name": "按游戏形式分类", "value": 0, "l1": "游戏分类相关"}, {"name": "按游戏形式分类", "value": 0, "l1": "游戏分类相关"}, {"name": "按游戏形式分类", "value": 0, "l1": "游戏分类相关"}, {"name": "按游戏形式分类", "value": 0, "l1": "游戏分类相关"}, {"name": "按游戏形式分类", "value": 0, "l1": "游戏分类相关"}, {"name": "按游戏形式分类", "value": 0, "l1": "游戏分类相关"}, {"name": "按游戏形式分类", "value": 7, "l1": "游戏分类相关"}, {"name": "按游戏形式分类", "value": 0, "l1": "游戏分类相关"}, {"name": "按游戏形式分类", "value": 0, "l1": "游戏分类相关"}, {"name": "按游戏形式分类", "value": 0, "l1": "游戏分类相关"}, {"name": "按游戏内容分类", "value": 0, "l1": "游戏分类相关"}, {"name": "按游戏内容分类", "value": 0, "l1": "游戏分类相关"}, {"name": "按游戏内容分类", "value": 0, "l1": "游戏分类相关"}, {"name": "按游戏内容分类", "value": 0, "l1": "游戏分类相关"}, {"name": "按游戏内容分类", "value": 0, "l1": "游戏分类相关"}, {"name": "按游戏内容分类", "value": 0, "l1": "游戏分类相关"}, {"name": "按游戏内容分类", "value": 0, "l1": "游戏分类相关"}, {"name": "按游戏内容分类", "value": 224, "l1": "游戏分类相关"}, {"name": "按游戏内容分类", "value": 0, "l1": "游戏分类相关"}, {"name": "按游戏内容分类", "value": 0, "l1": "游戏分类相关"}, {"name": "按游戏内容分类", "value": 0, "l1": "游戏分类相关"}, {"name": "按游戏内容分类", "value": 304, "l1": "游戏分类相关"}, {"name": "按游戏内容分类", "value": 241, "l1": "游戏分类相关"}, {"name": "按游戏内容分类", "value": 0, "l1": "游戏分类相关"}, {"name": "按游戏内容分类", "value": 0, "l1": "游戏分类相关"}, {"name": "按游戏内容分类", "value": 0, "l1": "游戏分类相关"}, {"name": "按游戏内容分类", "value": 0, "l1": "游戏分类相关"}, {"name": "按游戏内容分类", "value": 0, "l1": "游戏分类相关"}, {"name": "按游戏内容分类", "value": 0, "l1": "游戏分类相关"}, {"name": "按游戏内容分类", "value": 72, "l1": "游戏分类相关"}, {"name": "按游戏内容分类", "value": 0, "l1": "游戏分类相关"}, {"name": "按年龄限制分类", "value": 0, "l1": "游戏分类相关"}, {"name": "按年龄限制分类", "value": 0, "l1": "游戏分类相关"}, {"name": "按年龄限制分类", "value": 0, "l1": "游戏分类相关"}, {"name": "按年龄限制分类", "value": 2, "l1": "游戏分类相关"}, {"name": "按游戏平台分类", "value": 0, "l1": "游戏分类相关"}, {"name": "按游戏平台分类", "value": 5, "l1": "游戏分类相关"}, {"name": "按游戏平台分类", "value": 467, "l1": "游戏分类相关"}, {"name": "按游戏平台分类", "value": 136, "l1": "游戏分类相关"}, {"name": "按游戏平台分类", "value": 0, "l1": "游戏分类相关"}, {"name": "按游戏平台分类", "value": 7, "l1": "游戏分类相关"}, {"name": "按游戏平台分类", "value": 133, "l1": "游戏分类相关"}, {"name": "按游戏平台分类", "value": 15, "l1": "游戏分类相关"}, {"name": "按游戏平台分类", "value": 126, "l1": "游戏分类相关"}, {"name": "按游戏平台分类", "value": 52, "l1": "游戏分类相关"}, {"name": "按游戏平台分类", "value": 0, "l1": "游戏分类相关"}, {"name": "按玩家人数分类", "value": 1283, "l1": "游戏分类相关"}, {"name": "按玩家人数分类", "value": 0, "l1": "游戏分类相关"}, {"name": "按玩家人数分类", "value": 0, "l1": "游戏分类相关"}, {"name": "按玩家人数分类", "value": 142, "l1": "游戏分类相关"}, {"name": "按玩家人数分类", "value": 0, "l1": "游戏分类相关"}, {"name": "按玩家人数分类", "value": 0, "l1": "游戏分类相关"}, {"name": "其他分类", "value": 0, "l1": "游戏分类相关"}, {"name": "其他分类", "value": 0, "l1": "游戏分类相关"}, {"name": "其他分类", "value": 0, "l1": "游戏分类相关"}, {"name": "其他分类", "value": 0, "l1": "游戏分类相关"}, {"name": "其他分类", "value": 0, "l1": "游戏分类相关"}, {"name": "其他分类", "value": 0, "l1": "游戏分类相关"}, {"name": "其他分类", "value": 48, "l1": "游戏分类相关"}, {"name": "其他分类", "value": 22, "l1": "游戏分类相关"}, {"name": "其他分类", "value": 85, "l1": "游戏分类相关"}, {"name": "其他分类", "value": 15, "l1": "游戏分类相关"}, {"name": "其他分类", "value": 5, "l1": "游戏分类相关"}, {"name": "其他分类", "value": 2, "l1": "游戏分类相关"}, {"name": "其他分类", "value": 0, "l1": "游戏分类相关"}, {"name": "其他分类", "value": 23, "l1": "游戏分类相关"}, {"name": "其他分类", "value": 2, "l1": "游戏分类相关"}, {"name": "其他分类", "value": 13, "l1": "游戏分类相关"}, {"name": "其他分类", "value": 0, "l1": "游戏分类相关"}, {"name": "其他分类", "value": 0, "l1": "游戏分类相关"}, {"name": "角色综合", "value": 25, "l1": "角色与职责"}, {"name": "角色综合", "value": 0, "l1": "角色与职责"}, {"name": "角色综合", "value": 1, "l1": "角色与职责"}, {"name": "角色综合", "value": 0, "l1": "角色与职责"}, {"name": "角色综合", "value": 0, "l1": "角色与职责"}, {"name": "角色综合", "value": 0, "l1": "角色与职责"}, {"name": "角色综合", "value": 0, "l1": "角色与职责"}, {"name": "角色综合", "value": 0, "l1": "角色与职责"}, {"name": "角色综合", "value": 0, "l1": "角色与职责"}, {"name": "角色综合", "value": 0, "l1": "角色与职责"}, {"name": "角色综合", "value": 6108, "l1": "角色与职责"}, {"name": "角色综合", "value": 0, "l1": "角色与职责"}, {"name": "角色综合", "value": 66, "l1": "角色与职责"}, {"name": "角色综合", "value": 239, "l1": "角色与职责"}, {"name": "角色综合", "value": 0, "l1": "角色与职责"}, {"name": "角色综合", "value": 0, "l1": "角色与职责"}, {"name": "角色综合", "value": 0, "l1": "角色与职责"}, {"name": "角色综合", "value": 0, "l1": "角色与职责"}, {"name": "职责分工", "value": 0, "l1": "角色与职责"}, {"name": "职责分工", "value": 0, "l1": "角色与职责"}, {"name": "职责分工", "value": 0, "l1": "角色与职责"}, {"name": "职责分工", "value": 986, "l1": "角色与职责"}, {"name": "职责分工", "value": 988, "l1": "角色与职责"}, {"name": "职责分工", "value": 0, "l1": "角色与职责"}, {"name": "职责分工", "value": 6991, "l1": "角色与职责"}, {"name": "职责分工", "value": 4038, "l1": "角色与职责"}, {"name": "职责分工", "value": 0, "l1": "角色与职责"}, {"name": "主要职业", "value": 5325, "l1": "角色与职责"}, {"name": "主要职业", "value": 3275, "l1": "角色与职责"}, {"name": "主要职业", "value": 1064, "l1": "角色与职责"}, {"name": "主要职业", "value": 0, "l1": "角色与职责"}, {"name": "通用", "value": 0, "l1": "游戏玩法用语"}, {"name": "通用", "value": 0, "l1": "游戏玩法用语"}, {"name": "通用", "value": 0, "l1": "游戏玩法用语"}, {"name": "通用", "value": 0, "l1": "游戏玩法用语"}, {"name": "通用", "value": 10, "l1": "游戏玩法用语"}, {"name": "通用", "value": 0, "l1": "游戏玩法用语"}, {"name": "通用", "value": 8532, "l1": "游戏玩法用语"}, {"name": "通用", "value": 0, "l1": "游戏玩法用语"}, {"name": "通用", "value": 0, "l1": "游戏玩法用语"}, {"name": "通用", "value": 861, "l1": "游戏玩法用语"}, {"name": "通用", "value": 0, "l1": "游戏玩法用语"}, {"name": "通用", "value": 139, "l1": "游戏玩法用语"}, {"name": "通用", "value": 44775, "l1": "游戏玩法用语"}, {"name": "通用", "value": 0, "l1": "游戏玩法用语"}, {"name": "通用", "value": 0, "l1": "游戏玩法用语"}, {"name": "通用", "value": 13, "l1": "游戏玩法用语"}, {"name": "通用", "value": 11, "l1": "游戏玩法用语"}, {"name": "通用", "value": 0, "l1": "游戏玩法用语"}, {"name": "通用", "value": 41, "l1": "游戏玩法用语"}, {"name": "通用", "value": 10, "l1": "游戏玩法用语"}, {"name": "通用", "value": 99, "l1": "游戏玩法用语"}, {"name": "通用", "value": 119, "l1": "游戏玩法用语"}, {"name": "通用", "value": 36, "l1": "游戏玩法用语"}, {"name": "通用", "value": 0, "l1": "游戏玩法用语"}, {"name": "通用", "value": 84, "l1": "游戏玩法用语"}, {"name": "通用", "value": 304, "l1": "游戏玩法用语"}, {"name": "通用", "value": 65, "l1": "游戏玩法用语"}, {"name": "通用", "value": 0, "l1": "游戏玩法用语"}, {"name": "通用", "value": 1, "l1": "游戏玩法用语"}, {"name": "通用", "value": 0, "l1": "游戏玩法用语"}, {"name": "通用", "value": 0, "l1": "游戏玩法用语"}, {"name": "通用", "value": 0, "l1": "游戏玩法用语"}, {"name": "通用", "value": 297, "l1": "游戏玩法用语"}, {"name": "通用", "value": 58, "l1": "游戏玩法用语"}, {"name": "通用", "value": 4, "l1": "游戏玩法用语"}, {"name": "通用", "value": 884, "l1": "游戏玩法用语"}, {"name": "通用", "value": 195, "l1": "游戏玩法用语"}, {"name": "通用", "value": 89, "l1": "游戏玩法用语"}, {"name": "通用", "value": 0, "l1": "游戏玩法用语"}, {"name": "通用", "value": 72, "l1": "游戏玩法用语"}, {"name": "通用", "value": 63, "l1": "游戏玩法用语"}, {"name": "通用", "value": 55, "l1": "游戏玩法用语"}, {"name": "通用", "value": 0, "l1": "游戏玩法用语"}, {"name": "通用", "value": 0, "l1": "游戏玩法用语"}, {"name": "通用", "value": 1, "l1": "游戏玩法用语"}, {"name": "通用", "value": 450, "l1": "游戏玩法用语"}, {"name": "通用", "value": 841, "l1": "游戏玩法用语"}, {"name": "通用", "value": 604, "l1": "游戏玩法用语"}, {"name": "通用", "value": 533, "l1": "游戏玩法用语"}, {"name": "通用", "value": 90, "l1": "游戏玩法用语"}, {"name": "通用", "value": 677, "l1": "游戏玩法用语"}, {"name": "通用", "value": 245, "l1": "游戏玩法用语"}, {"name": "通用", "value": 1492, "l1": "游戏玩法用语"}, {"name": "通用", "value": 444, "l1": "游戏玩法用语"}, {"name": "通用", "value": 1596, "l1": "游戏玩法用语"}, {"name": "通用", "value": 167, "l1": "游戏玩法用语"}, {"name": "通用", "value": 297, "l1": "游戏玩法用语"}, {"name": "通用", "value": 1200, "l1": "游戏玩法用语"}, {"name": "通用", "value": 2619, "l1": "游戏玩法用语"}, {"name": "通用", "value": 0, "l1": "游戏玩法用语"}, {"name": "通用", "value": 1336, "l1": "游戏玩法用语"}, {"name": "通用", "value": 3, "l1": "游戏玩法用语"}, {"name": "通用", "value": 88, "l1": "游戏玩法用语"}, {"name": "通用", "value": 47, "l1": "游戏玩法用语"}, {"name": "通用", "value": 0, "l1": "游戏玩法用语"}, {"name": "通用", "value": 0, "l1": "游戏玩法用语"}, {"name": "通用", "value": 884, "l1": "游戏玩法用语"}, {"name": "通用", "value": 0, "l1": "游戏玩法用语"}, {"name": "通用", "value": 4, "l1": "游戏玩法用语"}, {"name": "通用", "value": 4652, "l1": "游戏玩法用语"}, {"name": "通用", "value": 6693, "l1": "游戏玩法用语"}, {"name": "通用", "value": 143, "l1": "游戏玩法用语"}, {"name": "通用", "value": 0, "l1": "游戏玩法用语"}, {"name": "通用", "value": 0, "l1": "游戏玩法用语"}, {"name": "通用", "value": 79, "l1": "游戏玩法用语"}, {"name": "(A)RPG类", "value": 0, "l1": "游戏玩法用语"}, {"name": "(A)RPG类", "value": 0, "l1": "游戏玩法用语"}, {"name": "(A)RPG类", "value": 1217, "l1": "游戏玩法用语"}, {"name": "(A)RPG类", "value": 1294, "l1": "游戏玩法用语"}, {"name": "(A)RPG类", "value": 0, "l1": "游戏玩法用语"}, {"name": "(A)RPG类", "value": 51, "l1": "游戏玩法用语"}, {"name": "(A)RPG类", "value": 724, "l1": "游戏玩法用语"}, {"name": "(A)RPG类", "value": 0, "l1": "游戏玩法用语"}, {"name": "(A)RPG类", "value": 0, "l1": "游戏玩法用语"}, {"name": "(A)RPG类", "value": 0, "l1": "游戏玩法用语"}, {"name": "(A)RPG类", "value": 152, "l1": "游戏玩法用语"}, {"name": "(A)RPG类", "value": 0, "l1": "游戏玩法用语"}, {"name": "(A)RPG类", "value": 0, "l1": "游戏玩法用语"}, {"name": "(A)RPG类", "value": 695, "l1": "游戏玩法用语"}, {"name": "(A)RPG类", "value": 215, "l1": "游戏玩法用语"}, {"name": "(A)RPG类", "value": 0, "l1": "游戏玩法用语"}, {"name": "(A)RPG类", "value": 36, "l1": "游戏玩法用语"}, {"name": "(A)RPG类", "value": 0, "l1": "游戏玩法用语"}, {"name": "(A)RPG类", "value": 0, "l1": "游戏玩法用语"}, {"name": "(A)RPG类", "value": 0, "l1": "游戏玩法用语"}, {"name": "(A)RPG类", "value": 97, "l1": "游戏玩法用语"}, {"name": "(A)RPG类", "value": 0, "l1": "游戏玩法用语"}, {"name": "(A)RPG类", "value": 231, "l1": "游戏玩法用语"}, {"name": "(A)RPG类", "value": 9, "l1": "游戏玩法用语"}, {"name": "(A)RPG类", "value": 0, "l1": "游戏玩法用语"}, {"name": "(A)RPG类", "value": 0, "l1": "游戏玩法用语"}, {"name": "(A)RPG类", "value": 0, "l1": "游戏玩法用语"}, {"name": "(A)RPG类", "value": 0, "l1": "游戏玩法用语"}, {"name": "(A)RPG类", "value": 5, "l1": "游戏玩法用语"}, {"name": "FPS类", "value": 511, "l1": "游戏玩法用语"}, {"name": "FPS类", "value": 11, "l1": "游戏玩法用语"}, {"name": "FPS类", "value": 101, "l1": "游戏玩法用语"}, {"name": "FPS类", "value": 0, "l1": "游戏玩法用语"}, {"name": "FPS类", "value": 1814, "l1": "游戏玩法用语"}, {"name": "FPS类", "value": 46, "l1": "游戏玩法用语"}, {"name": "FPS类", "value": 0, "l1": "游戏玩法用语"}, {"name": "FPS类", "value": 0, "l1": "游戏玩法用语"}, {"name": "FPS类", "value": 0, "l1": "游戏玩法用语"}, {"name": "FPS类", "value": 0, "l1": "游戏玩法用语"}, {"name": "FPS类", "value": 0, "l1": "游戏玩法用语"}, {"name": "FPS类", "value": 0, "l1": "游戏玩法用语"}, {"name": "FPS类", "value": 0, "l1": "游戏玩法用语"}, {"name": "FPS类", "value": 0, "l1": "游戏玩法用语"}, {"name": "FPS类", "value": 1377, "l1": "游戏玩法用语"}, {"name": "FPS类", "value": 724, "l1": "游戏玩法用语"}, {"name": "FPS类", "value": 909, "l1": "游戏玩法用语"}, {"name": "FPS类", "value": 827, "l1": "游戏玩法用语"}, {"name": "FPS类", "value": 416, "l1": "游戏玩法用语"}, {"name": "FPS类", "value": 5, "l1": "游戏玩法用语"}, {"name": "FTG类", "value": 9, "l1": "游戏玩法用语"}, {"name": "FTG类", "value": 21, "l1": "游戏玩法用语"}, {"name": "FTG类", "value": 0, "l1": "游戏玩法用语"}, {"name": "FTG类", "value": 16, "l1": "游戏玩法用语"}, {"name": "FTG类", "value": 29, "l1": "游戏玩法用语"}, {"name": "FTG类", "value": 854, "l1": "游戏玩法用语"}, {"name": "FTG类", "value": 76, "l1": "游戏玩法用语"}, {"name": "FTG类", "value": 0, "l1": "游戏玩法用语"}, {"name": "FTG类", "value": 474, "l1": "游戏玩法用语"}, {"name": "FTG类", "value": 0, "l1": "游戏玩法用语"}, {"name": "FTG类", "value": 81, "l1": "游戏玩法用语"}, {"name": "FTG类", "value": 2, "l1": "游戏玩法用语"}, {"name": "FTG类", "value": 0, "l1": "游戏玩法用语"}, {"name": "FTG类", "value": 1083, "l1": "游戏玩法用语"}, {"name": "FTG类", "value": 0, "l1": "游戏玩法用语"}, {"name": "FTG类", "value": 0, "l1": "游戏玩法用语"}, {"name": "FTG类", "value": 0, "l1": "游戏玩法用语"}, {"name": "FTG类", "value": 0, "l1": "游戏玩法用语"}, {"name": "FTG类", "value": 0, "l1": "游戏玩法用语"}, {"name": "FTG类", "value": 7, "l1": "游戏玩法用语"}, {"name": "FTG类", "value": 92, "l1": "游戏玩法用语"}, {"name": "FTG类", "value": 3, "l1": "游戏玩法用语"}, {"name": "STG类", "value": 142, "l1": "游戏玩法用语"}, {"name": "STG类", "value": 24, "l1": "游戏玩法用语"}, {"name": "STG类", "value": 0, "l1": "游戏玩法用语"}, {"name": "STG类", "value": 0, "l1": "游戏玩法用语"}, {"name": "STG类", "value": 0, "l1": "游戏玩法用语"}, {"name": "STG类", "value": 0, "l1": "游戏玩法用语"}, {"name": "STG类", "value": 42, "l1": "游戏玩法用语"}, {"name": "STG类", "value": 4, "l1": "游戏玩法用语"}, {"name": "STG类", "value": 25, "l1": "游戏玩法用语"}, {"name": "STG类", "value": 11, "l1": "游戏玩法用语"}, {"name": "STG类", "value": 3887, "l1": "游戏玩法用语"}, {"name": "STG类", "value": 78, "l1": "游戏玩法用语"}, {"name": "STG类", "value": 0, "l1": "游戏玩法用语"}, {"name": "STG类", "value": 0, "l1": "游戏玩法用语"}, {"name": "STG类", "value": 150, "l1": "游戏玩法用语"}, {"name": "STG类", "value": 376, "l1": "游戏玩法用语"}, {"name": "STG类", "value": 17, "l1": "游戏玩法用语"}, {"name": "STG类", "value": 1998, "l1": "游戏玩法用语"}, {"name": "MOBA类", "value": 603, "l1": "游戏玩法用语"}, {"name": "MOBA类", "value": 0, "l1": "游戏玩法用语"}, {"name": "MOBA类", "value": 895, "l1": "游戏玩法用语"}, {"name": "MOBA类", "value": 91, "l1": "游戏玩法用语"}, {"name": "MOBA类", "value": 0, "l1": "游戏玩法用语"}, {"name": "MOBA类", "value": 0, "l1": "游戏玩法用语"}, {"name": "MOBA类", "value": 0, "l1": "游戏玩法用语"}, {"name": "MOBA类", "value": 32, "l1": "游戏玩法用语"}, {"name": "MOBA类", "value": 766, "l1": "游戏玩法用语"}, {"name": "MOBA类", "value": 2213, "l1": "游戏玩法用语"}, {"name": "MOBA类", "value": 29, "l1": "游戏玩法用语"}, {"name": "MOBA类", "value": 158, "l1": "游戏玩法用语"}, {"name": "MOBA类", "value": 285, "l1": "游戏玩法用语"}, {"name": "MOBA类", "value": 0, "l1": "游戏玩法用语"}, {"name": "MOBA类", "value": 0, "l1": "游戏玩法用语"}, {"name": "MOBA类", "value": 189, "l1": "游戏玩法用语"}, {"name": "MOBA类", "value": 10, "l1": "游戏玩法用语"}, {"name": "音乐游戏类", "value": 0, "l1": "游戏玩法用语"}, {"name": "音乐游戏类", "value": 0, "l1": "游戏玩法用语"}, {"name": "音乐游戏类", "value": 0, "l1": "游戏玩法用语"}, {"name": "音乐游戏类", "value": 0, "l1": "游戏玩法用语"}, {"name": "音乐游戏类", "value": 0, "l1": "游戏玩法用语"}, {"name": "音乐游戏类", "value": 115, "l1": "游戏玩法用语"}, {"name": "音乐游戏类", "value": 0, "l1": "游戏玩法用语"}, {"name": "音乐游戏类", "value": 0, "l1": "游戏玩法用语"}, {"name": "音乐游戏类", "value": 0, "l1": "游戏玩法用语"}, {"name": "音乐游戏类", "value": 0, "l1": "游戏玩法用语"}, {"name": "音乐游戏类", "value": 150, "l1": "游戏玩法用语"}, {"name": "音乐游戏类", "value": 673, "l1": "游戏玩法用语"}, {"name": "音乐游戏类", "value": 0, "l1": "游戏玩法用语"}, {"name": "音乐游戏类", "value": 2, "l1": "游戏玩法用语"}, {"name": "音乐游戏类", "value": 0, "l1": "游戏玩法用语"}, {"name": "音乐游戏类", "value": 0, "l1": "游戏玩法用语"}, {"name": "音乐游戏类", "value": 6, "l1": "游戏玩法用语"}, {"name": "音乐游戏类", "value": 0, "l1": "游戏玩法用语"}, {"name": "音乐游戏类", "value": 0, "l1": "游戏玩法用语"}, {"name": "音乐游戏类", "value": 0, "l1": "游戏玩法用语"}, {"name": "音乐游戏类", "value": 0, "l1": "游戏玩法用语"}, {"name": "音乐游戏类", "value": 2, "l1": "游戏玩法用语"}, {"name": "音乐游戏类", "value": 10, "l1": "游戏玩法用语"}, {"name": "音乐游戏类", "value": 341, "l1": "游戏玩法用语"}, {"name": "音乐游戏类", "value": 0, "l1": "游戏玩法用语"}, {"name": "音乐游戏类", "value": 0, "l1": "游戏玩法用语"}, {"name": "音乐游戏类", "value": 0, "l1": "游戏玩法用语"}, {"name": "抽卡游戏类", "value": 0, "l1": "游戏玩法用语"}, {"name": "抽卡游戏类", "value": 0, "l1": "游戏玩法用语"}, {"name": "抽卡游戏类", "value": 0, "l1": "游戏玩法用语"}, {"name": "抽卡游戏类", "value": 171, "l1": "游戏玩法用语"}, {"name": "抽卡游戏类", "value": 1409, "l1": "游戏玩法用语"}, {"name": "抽卡游戏类", "value": 534, "l1": "游戏玩法用语"}, {"name": "抽卡游戏类", "value": 127, "l1": "游戏玩法用语"}, {"name": "抽卡游戏类", "value": 0, "l1": "游戏玩法用语"}, {"name": "抽卡游戏类", "value": 0, "l1": "游戏玩法用语"}, {"name": "玄学相关", "value": 0, "l1": "游戏玩法用语"}, {"name": "玄学相关", "value": 0, "l1": "游戏玩法用语"}, {"name": "玄学相关", "value": 0, "l1": "游戏玩法用语"}, {"name": "玄学相关", "value": 8, "l1": "游戏玩法用语"}, {"name": "玄学相关", "value": 145, "l1": "游戏玩法用语"}, {"name": "玄学相关", "value": 62, "l1": "游戏玩法用语"}, {"name": "玄学相关", "value": 67, "l1": "游戏玩法用语"}, {"name": "玄学相关", "value": 155, "l1": "游戏玩法用语"}, {"name": "玄学相关", "value": 0, "l1": "游戏玩法用语"}, {"name": "游戏典故", "value": 15, "l1": "游戏玩法用语"}, {"name": "游戏典故", "value": 0, "l1": "游戏玩法用语"}, {"name": "游戏典故", "value": 0, "l1": "游戏玩法用语"}, {"name": "游戏典故", "value": 0, "l1": "游戏玩法用语"}, {"name": "游戏典故", "value": 0, "l1": "游戏玩法用语"}, {"name": "游戏典故", "value": 3, "l1": "游戏玩法用语"}, {"name": "游戏典故", "value": 0, "l1": "游戏玩法用语"}, {"name": "游戏典故", "value": 0, "l1": "游戏玩法用语"}, {"name": "游戏典故", "value": 1850, "l1": "游戏玩法用语"}, {"name": "游戏典故", "value": 0, "l1": "游戏玩法用语"}, {"name": "游戏典故", "value": 11, "l1": "游戏玩法用语"}, {"name": "游戏典故", "value": 4, "l1": "游戏玩法用语"}, {"name": "游戏典故", "value": 0, "l1": "游戏玩法用语"}, {"name": "游戏典故", "value": 0, "l1": "游戏玩法用语"}, {"name": "游戏典故", "value": 0, "l1": "游戏玩法用语"}, {"name": "游戏典故", "value": 0, "l1": "游戏玩法用语"}, {"name": "游戏圈吐槽语", "value": 0, "l1": "游戏玩法用语"}, {"name": "游戏圈吐槽语", "value": 0, "l1": "游戏玩法用语"}, {"name": "游戏圈吐槽语", "value": 0, "l1": "游戏玩法用语"}, {"name": "游戏圈吐槽语", "value": 0, "l1": "游戏玩法用语"}, {"name": "游戏圈吐槽语", "value": 0, "l1": "游戏玩法用语"}, {"name": "游戏圈吐槽语", "value": 0, "l1": "游戏玩法用语"}, {"name": "游戏圈吐槽语", "value": 0, "l1": "游戏玩法用语"}, {"name": "游戏圈吐槽语", "value": 0, "l1": "游戏玩法用语"}, {"name": "游戏圈吐槽语", "value": 0, "l1": "游戏玩法用语"}, {"name": "游戏圈吐槽语", "value": 0, "l1": "游戏玩法用语"}, {"name": "游戏圈吐槽语", "value": 0, "l1": "游戏玩法用语"}, {"name": "游戏圈吐槽语", "value": 0, "l1": "游戏玩法用语"}, {"name": "游戏圈吐槽语", "value": 7, "l1": "游戏玩法用语"}, {"name": "游戏圈吐槽语", "value": 0, "l1": "游戏玩法用语"}, {"name": "游戏圈吐槽语", "value": 0, "l1": "游戏玩法用语"}, {"name": "游戏圈吐槽语", "value": 0, "l1": "游戏玩法用语"}, {"name": "游戏圈吐槽语", "value": 1, "l1": "游戏玩法用语"}, {"name": "游戏圈吐槽语", "value": 0, "l1": "游戏玩法用语"}, {"name": "游戏圈吐槽语", "value": 0, "l1": "游戏玩法用语"}, {"name": "游戏圈吐槽语", "value": 9, "l1": "游戏玩法用语"}, {"name": "游戏圈吐槽语", "value": 417, "l1": "游戏玩法用语"}, {"name": "游戏圈吐槽语", "value": 0, "l1": "游戏玩法用语"}, {"name": "游戏圈吐槽语", "value": 0, "l1": "游戏玩法用语"}, {"name": "游戏圈吐槽语", "value": 0, "l1": "游戏玩法用语"}, {"name": "游戏圈吐槽语", "value": 0, "l1": "游戏玩法用语"}, {"name": "游戏圈吐槽语", "value": 0, "l1": "游戏玩法用语"}, {"name": "游戏圈吐槽语", "value": 0, "l1": "游戏玩法用语"}]}