{"nodes": [{"name": "保底/天井"}, {"name": "开团"}, {"name": "完美通关"}, {"name": "死尸弹"}, {"name": "QTE"}, {"name": "龙卷旋风脚"}, {"name": "片手"}, {"name": "被动技能"}, {"name": "炸鸡勇者"}, {"name": "G胖不会数3"}, {"name": "Double Play"}, {"name": "开发票"}, {"name": "大逃杀/大混战/斗皇模式"}, {"name": "吉祥物恐怖游戏"}, {"name": "类塔科夫游戏"}, {"name": "副本"}, {"name": "取消"}, {"name": "破防"}, {"name": "综合及其他"}, {"name": "枪法"}, {"name": "反向Q"}, {"name": "冒险游戏（AVG）"}, {"name": "游戏地图"}, {"name": "网络文字角色扮演游戏"}, {"name": "高端玩家"}, {"name": "高ping战士"}, {"name": "AFK"}, {"name": "模拟游戏（SIM）"}, {"name": "刀刀烈火"}, {"name": "附魔"}, {"name": "玩家角色"}, {"name": "第四天灾"}, {"name": "拉胯"}, {"name": "缘分/纽带/派别/羁绊"}, {"name": "人品"}, {"name": "连击（COMBO）"}, {"name": "反人类游戏"}, {"name": "冷却/读条完毕"}, {"name": "系统与机制"}, {"name": "判定"}, {"name": "欧洲人/欧皇"}, {"name": "格斗游戏（FTG）"}, {"name": "弓箭手/射手"}, {"name": "鱼蛋"}, {"name": "后摇"}, {"name": "金手指"}, {"name": "n号位"}, {"name": "职业歧视"}, {"name": "BOSS"}, {"name": "区块链游戏"}, {"name": "打桩"}, {"name": "纯爱游戏"}, {"name": "无伤通关"}, {"name": "游戏拜师/师徒系统"}, {"name": "立回"}, {"name": "游戏服务器"}, {"name": "ADC"}, {"name": "少女卷轴"}, {"name": "安定"}, {"name": "养老"}, {"name": "我们做了一个艰难的决定"}, {"name": "公会"}, {"name": "Law End"}, {"name": "战士"}, {"name": "资料片"}, {"name": "代码杀"}, {"name": "出勤"}, {"name": "V社时间"}, {"name": "随机遇怪"}, {"name": "堆尸"}, {"name": "生活技能"}, {"name": "游戏营收"}, {"name": "硬直"}, {"name": "转生系统"}, {"name": "偷塔/偷家"}, {"name": "Open End"}, {"name": "残机/Miss/NM"}, {"name": "排位分段"}, {"name": "刺客"}, {"name": "猥琐流"}, {"name": "分割商法"}, {"name": "用心做oo，用脚做游戏"}, {"name": "联动"}, {"name": "CD流"}, {"name": "视野/战争迷雾"}, {"name": "o周目"}, {"name": "Bomb（雷）/抱B/NB"}, {"name": "买断制游戏"}, {"name": "新手光环"}, {"name": "隐藏谱面"}, {"name": "俸俸伲购美病"}, {"name": "PK"}, {"name": "活跃"}, {"name": "打字游戏"}, {"name": "取消开发"}, {"name": "多人在线战斗竞技场游戏（MOBA）"}, {"name": "无敌"}, {"name": "GM"}, {"name": "奶妈/奶爸"}, {"name": "虚构游戏"}, {"name": "霸体"}, {"name": "通渠"}, {"name": "升龙拳"}, {"name": "光环"}, {"name": "活动"}, {"name": "局域网联机游戏"}, {"name": "段(上•中•下)"}, {"name": "你知道我的痛楚吗"}, {"name": "加点/洗点"}, {"name": "瑞士轮"}, {"name": "甩狙"}, {"name": "NPND（No patch, no down）"}, {"name": "请各位oo在过场动画至少穿得像个人"}, {"name": "游戏视角"}, {"name": "差合"}, {"name": "酱油"}, {"name": "火力"}, {"name": "公式"}, {"name": "箱庭式"}, {"name": "游戏策划"}, {"name": "单机游戏"}, {"name": "游戏测试"}, {"name": "许愿"}, {"name": "狗粮"}, {"name": "职业克制"}, {"name": "游戏更新"}, {"name": "择"}, {"name": "DLC"}, {"name": "回头厨"}, {"name": "游戏分类相关"}, {"name": "爆肝"}, {"name": "微操"}, {"name": "背板"}, {"name": "非洲人/非酋"}, {"name": "游戏主机"}, {"name": "插音"}, {"name": "彩蛋"}, {"name": "潜入/隐藏"}, {"name": "音游梗"}, {"name": "玄学相关"}, {"name": "拆包"}, {"name": "连击修正"}, {"name": "我们来削弱oo吧"}, {"name": "国战"}, {"name": "rank"}, {"name": "呼吸回血"}, {"name": "NPC"}, {"name": "恐怖游戏"}, {"name": "塔防游戏（TD）"}, {"name": "快速战斗"}, {"name": "沙包"}, {"name": "波动拳"}, {"name": "电脑游戏"}, {"name": "送人头"}, {"name": "土豆服务器"}, {"name": "全年龄游戏"}, {"name": "压枪"}, {"name": "一波流"}, {"name": "按玩家人数分类"}, {"name": "谱面停止"}, {"name": "家用机"}, {"name": "换家"}, {"name": "海外无人权"}, {"name": "一骑讨"}, {"name": "脱战"}, {"name": "赛博精神病"}, {"name": "DEBUFF"}, {"name": "游戏原画师"}, {"name": "游戏典故"}, {"name": "奖励式广告"}, {"name": "推塔"}, {"name": "爆气"}, {"name": "拔作"}, {"name": "走位"}, {"name": "星际玩家"}, {"name": "OST"}, {"name": "PTFO"}, {"name": "吃鸡"}, {"name": "乙女游戏"}, {"name": "无视重力的跳跃"}, {"name": "低封"}, {"name": "bug"}, {"name": "特殊怪物"}, {"name": "法师"}, {"name": "增量游戏"}, {"name": "风暴oo"}, {"name": "手痒难耐，渴望打架"}, {"name": "Good End"}, {"name": "强杀"}, {"name": "复活保护"}, {"name": "BL游戏"}, {"name": "爆机(通关)"}, {"name": "剧情杀"}, {"name": "No End"}, {"name": "回合制"}, {"name": "新手岛/新手村"}, {"name": "站桩"}, {"name": "街机"}, {"name": "无限弹药"}, {"name": "目押"}, {"name": "通用"}, {"name": "HUD"}, {"name": "游戏复刻／重置（Remastered）"}, {"name": "游戏外传"}, {"name": "情怀游戏"}, {"name": "角色扮演游戏（RPG）/动作角色扮演游戏（A·RPG）/策略角色扮演游戏（S·RPG）/大型多人在线角色扮演游戏（MMO(A)RPG）"}, {"name": "Bad End"}, {"name": "魔法值/MP/体力值/能量值"}, {"name": "BPM"}, {"name": "专属武器（专武）"}, {"name": "发展与运营"}, {"name": "科乐美秘技"}, {"name": "低通/裸通"}, {"name": "Poke"}, {"name": "STG类"}, {"name": "前摇"}, {"name": "即时制"}, {"name": "桌上游戏"}, {"name": "馅蜜"}, {"name": "渠道服"}, {"name": "快攻"}, {"name": "刮痧"}, {"name": "BUFF稀释"}, {"name": "元素属性"}, {"name": "氧气值"}, {"name": "秘籍"}, {"name": "放置游戏"}, {"name": "Jack-O‘ Pose"}, {"name": "最终BOSS"}, {"name": "组队"}, {"name": "开黑"}, {"name": "弹珠机"}, {"name": "结局类型"}, {"name": "增援"}, {"name": "Dream End"}, {"name": "游戏回档"}, {"name": "放卫星"}, {"name": "非提"}, {"name": "疲劳值/体力值"}, {"name": "帧伤"}, {"name": "计生"}, {"name": "游戏阵营"}, {"name": "稀有度/星级"}, {"name": "精神续作"}, {"name": "爆头"}, {"name": "电表倒转"}, {"name": "游戏任务"}, {"name": "坦克(MT)"}, {"name": "梗类解谜游戏"}, {"name": "糟/发"}, {"name": "游戏重制（Remake）"}, {"name": "谱面"}, {"name": "这火我不传"}, {"name": "扔雷"}, {"name": "恶名度/恶名值"}, {"name": "经验值/EXP"}, {"name": "网络游戏翻新"}, {"name": "自制软件"}, {"name": "PVE"}, {"name": "音游王"}, {"name": "上单"}, {"name": "生命值/HP"}, {"name": "自机"}, {"name": "Flag"}, {"name": "秦王步法"}, {"name": "MVP"}, {"name": "True End"}, {"name": "抽卡游戏类"}, {"name": "Jump scare"}, {"name": "闪镜（瞬狙）"}, {"name": "隐藏曲"}, {"name": "可控角色"}, {"name": "凹"}, {"name": "跟狙"}, {"name": "好感度"}, {"name": "社交游戏"}, {"name": "转职系统/职业树"}, {"name": "Perfect End"}, {"name": "IO游戏"}, {"name": "大招/必杀技/奥义/终极技能"}, {"name": "探索"}, {"name": "增强现实游戏、"}, {"name": "背版"}, {"name": "(A)RPG类"}, {"name": "成人游戏/18禁游戏"}, {"name": "饥饿度"}, {"name": "鸡神"}, {"name": "和尚"}, {"name": "欧提"}, {"name": "构筑"}, {"name": "开放世界游戏"}, {"name": "变速"}, {"name": "GG"}, {"name": "一代补丁一代神"}, {"name": "仇恨溢出"}, {"name": "韧性值"}, {"name": "玄不救非，氪不改命"}, {"name": "网络游戏"}, {"name": "奖杯"}, {"name": "致敬"}, {"name": "扭/猴/缩"}, {"name": "刷图"}, {"name": "背锅"}, {"name": "质检员/守门员"}, {"name": "飞行道具"}, {"name": "点位"}, {"name": "半开放世界"}, {"name": "复活点"}, {"name": "隐藏BOSS"}, {"name": "Miss"}, {"name": "本地合作/分屏游戏/热座模式"}, {"name": "主要职业"}, {"name": "友军"}, {"name": "CTD"}, {"name": "种族天赋"}, {"name": "体育游戏（SPG）/竞速游戏（RAC）"}, {"name": "安包"}, {"name": "盲狙"}, {"name": "/Play Kill（虐杀玩家）/Player Killer（玩家攻击者）/Player Killing（虐杀玩家[行为]）"}, {"name": "像素游戏"}, {"name": "技能点/SP"}, {"name": "开放世界"}, {"name": "大逃杀游戏"}, {"name": "一夜过后"}, {"name": "处决"}, {"name": "梦幻联动"}, {"name": "本地化"}, {"name": "音乐游戏（MUG）"}, {"name": "上线"}, {"name": "团战"}, {"name": "扫荡"}, {"name": "游戏发行"}, {"name": "演员"}, {"name": "二次元手游"}, {"name": "单挑/solo/sala"}, {"name": "游戏币"}, {"name": "通行证"}, {"name": "下线遁"}, {"name": "Rush B"}, {"name": "孙笨"}, {"name": "游戏代理"}, {"name": "日/月活"}, {"name": "沙盒游戏"}, {"name": "Gank"}, {"name": "按年龄限制分类"}, {"name": "难民"}, {"name": "网页游戏"}, {"name": "全押"}, {"name": "Fan Disc"}, {"name": "游戏模组（MOD）"}, {"name": "抢人头"}, {"name": "键盘钢琴家"}, {"name": "/连抽"}, {"name": "裸杀"}, {"name": "捏脸"}, {"name": "正版游戏受害者"}, {"name": "老六"}, {"name": "投技"}, {"name": "波升流"}, {"name": "卡BUG"}, {"name": "随机数生成（RNG）"}, {"name": "宠物/坐骑"}, {"name": "电子竞技"}, {"name": "拐"}, {"name": "解锁"}, {"name": "对线"}, {"name": "PVP"}, {"name": "DPS"}, {"name": "游戏装备"}, {"name": "反伤"}, {"name": "掌机"}, {"name": "海豹"}, {"name": "Flash游戏"}, {"name": "辅助"}, {"name": "体术"}, {"name": "父马可亲"}, {"name": "存档系统"}, {"name": "瞬狱杀"}, {"name": "收集"}, {"name": "游戏技能/技能树"}, {"name": "强度美"}, {"name": "玩家"}, {"name": "仓鼠党/囤囤鼠"}, {"name": "拾荒"}, {"name": "死亡Flag"}, {"name": "超休闲游戏"}, {"name": "持续伤害/DoT"}, {"name": "主线剧情/支线剧情"}, {"name": "补兵"}, {"name": "ADC in 2017"}, {"name": "即时战略游戏（RTS）"}, {"name": "数值游戏"}, {"name": "星级/阶级"}, {"name": "跳狙"}, {"name": "动态难度"}, {"name": "类GTA游戏"}, {"name": "剧情向游戏"}, {"name": "卖头"}, {"name": "混子"}, {"name": "死亡惩罚"}, {"name": "机器人/BOT"}, {"name": "FPS类"}, {"name": "世界BOSS"}, {"name": "成就"}, {"name": "兵线"}, {"name": "制作与运营"}, {"name": "角色与职责"}, {"name": "邮递型游戏"}, {"name": "子机"}, {"name": "发布与制作"}, {"name": "觉醒"}, {"name": "负评轰炸"}, {"name": "策略游戏（SG）"}, {"name": "虐泉"}, {"name": "音乐游戏类"}, {"name": "游戏道具"}, {"name": "回血"}, {"name": "角色综合"}, {"name": "游戏重启（Reboot）"}, {"name": "立绘"}, {"name": "背包"}, {"name": "Full Fail"}, {"name": "游戏关服"}, {"name": "十里坡剑神"}, {"name": "仇恨值"}, {"name": "Roguelike游戏"}, {"name": "False End"}, {"name": "数值怪"}, {"name": "云联动"}, {"name": "游戏玩法用语"}, {"name": "初见杀"}, {"name": "打野"}, {"name": "FTG类"}, {"name": "天赋树"}, {"name": "自走棋"}, {"name": "复活"}, {"name": "对枪"}, {"name": "Dead End"}, {"name": "Bed End"}, {"name": "图纸oo（图纸枪/图纸车/图纸船/图纸机 等）"}, {"name": "游戏平衡性"}, {"name": "老虎机"}, {"name": "零人游戏"}, {"name": "聚会游戏"}, {"name": "幸存者like"}, {"name": "控"}, {"name": "暴击（会心一击）"}, {"name": "空气墙"}, {"name": "内容游戏"}, {"name": "Galgame"}, {"name": "Normal End"}, {"name": "修仙"}, {"name": "中单"}, {"name": "其他分类"}, {"name": "私服"}, {"name": "改版"}, {"name": "游戏职业"}, {"name": "游戏综合术语"}, {"name": "大哥"}, {"name": "临时工"}, {"name": "生存模式"}, {"name": "触手"}, {"name": "卖血"}, {"name": "按游戏内容分类"}, {"name": "硬控"}, {"name": "T pose"}, {"name": "怒气值"}, {"name": "打康"}, {"name": "环境伤害/地形杀"}, {"name": "反蹲"}, {"name": "DKP"}, {"name": "ARG"}, {"name": "按游戏平台分类"}, {"name": "职责分工"}, {"name": "平A/走A"}, {"name": "动作冒险游戏（A-AVG）"}, {"name": "单抽"}, {"name": "BUFF"}, {"name": "受身"}, {"name": "百合游戏"}, {"name": "画饼"}, {"name": "Chaos End"}, {"name": "数值膨胀"}, {"name": "虚拟现实游戏"}, {"name": "破路"}, {"name": "Boss Rush"}, {"name": "按游戏形式分类"}, {"name": "新秀墙"}, {"name": "手机游戏"}, {"name": "首杀"}, {"name": "卖队友"}, {"name": "日常任务"}, {"name": "回归奖励"}, {"name": "hyper"}, {"name": "MUD游戏"}, {"name": "诈称"}, {"name": "APM"}, {"name": "人体描边大师"}, {"name": "一切以结算为准"}, {"name": "老板"}, {"name": "粪谱"}, {"name": "恋爱游戏"}, {"name": "游戏圈吐槽语"}, {"name": "仓库"}, {"name": "速通"}, {"name": "怪物"}, {"name": "S／L大法"}, {"name": "服务型游戏"}, {"name": "跳票"}, {"name": "开个脉动，好走不送"}, {"name": "锁血"}, {"name": "必杀技"}, {"name": "第三人称射击游戏（TPS）"}, {"name": "偷跑"}, {"name": "攻略"}, {"name": "体感游戏"}, {"name": "装备强化"}, {"name": "官方攻略"}, {"name": "垃圾话"}, {"name": "NINJA/毛装"}, {"name": "Joke End"}, {"name": "TAS"}, {"name": "神风"}, {"name": "锁区"}, {"name": "经验宝宝"}, {"name": "骂完记得买"}, {"name": "无责任"}, {"name": "皮肤/时装/换装/纸娃娃系统"}, {"name": "1V5"}, {"name": "游戏人物属性"}, {"name": "游戏续作"}, {"name": "游戏新作"}, {"name": "外挂"}, {"name": "段位系统"}, {"name": "穿墙"}, {"name": "o服第一xx"}, {"name": "杂兵"}, {"name": "射击游戏（STG）"}, {"name": "收歌"}, {"name": "挂机"}, {"name": "动作游戏（ACT）"}, {"name": "精英怪"}, {"name": "删号"}, {"name": "全连"}, {"name": "科技树"}, {"name": "集换式卡牌游戏（TCG）"}, {"name": "换皮游戏"}, {"name": "魂系游戏"}, {"name": "生物收集游戏（类宝可梦游戏）"}, {"name": "胆创"}, {"name": "回城"}, {"name": "对游戏内容进行数值调整"}, {"name": "天胡"}, {"name": "MOBA类"}, {"name": "团灭"}, {"name": "红名机制"}, {"name": "益智游戏（PUZ）"}, {"name": "第一人称射击游戏（FPS）"}, {"name": "分级制度"}, {"name": "soft landing"}, {"name": "蓄力"}, {"name": "CG收集度/完成度/达成度"}, {"name": "游戏CG"}, {"name": "符文"}, {"name": "本人操作"}, {"name": "当身"}, {"name": "点券/充值"}], "links": [{"source": "游戏综合术语", "target": "系统与机制", "value": 30166}, {"source": "系统与机制", "target": "动态难度", "value": 4}, {"source": "系统与机制", "target": "游戏视角", "value": 15}, {"source": "系统与机制", "target": "HUD", "value": 1}, {"source": "系统与机制", "target": "游戏地图", "value": 47}, {"source": "系统与机制", "target": "开放世界", "value": 2116}, {"source": "系统与机制", "target": "半开放世界", "value": 2}, {"source": "系统与机制", "target": "箱庭式", "value": 1}, {"source": "系统与机制", "target": "主线剧情/支线剧情", "value": 1}, {"source": "系统与机制", "target": "即时制", "value": 1}, {"source": "系统与机制", "target": "回合制", "value": 518}, {"source": "系统与机制", "target": "彩蛋", "value": 460}, {"source": "系统与机制", "target": "游戏CG", "value": 1}, {"source": "系统与机制", "target": "立绘", "value": 541}, {"source": "系统与机制", "target": "OST", "value": 1}, {"source": "系统与机制", "target": "bug", "value": 2960}, {"source": "系统与机制", "target": "游戏任务", "value": 17}, {"source": "系统与机制", "target": "日常任务", "value": 67}, {"source": "系统与机制", "target": "活跃", "value": 683}, {"source": "系统与机制", "target": "回归奖励", "value": 31}, {"source": "系统与机制", "target": "存档系统", "value": 1}, {"source": "系统与机制", "target": "随机数生成（RNG）", "value": 1}, {"source": "系统与机制", "target": "随机遇怪", "value": 1}, {"source": "系统与机制", "target": "生存模式", "value": 1}, {"source": "系统与机制", "target": "o周目", "value": 1}, {"source": "系统与机制", "target": "奖杯", "value": 247}, {"source": "系统与机制", "target": "Flag", "value": 1}, {"source": "系统与机制", "target": "死亡Flag", "value": 1}, {"source": "系统与机制", "target": "副本", "value": 4428}, {"source": "系统与机制", "target": "游戏币", "value": 1}, {"source": "系统与机制", "target": "游戏道具", "value": 30}, {"source": "系统与机制", "target": "游戏装备", "value": 1}, {"source": "系统与机制", "target": "装备强化", "value": 14}, {"source": "系统与机制", "target": "附魔", "value": 981}, {"source": "系统与机制", "target": "符文", "value": 352}, {"source": "系统与机制", "target": "死亡惩罚", "value": 53}, {"source": "系统与机制", "target": "复活", "value": 2330}, {"source": "系统与机制", "target": "复活点", "value": 44}, {"source": "系统与机制", "target": "复活保护", "value": 1}, {"source": "系统与机制", "target": "科技树", "value": 203}, {"source": "系统与机制", "target": "游戏技能/技能树", "value": 1}, {"source": "系统与机制", "target": "生活技能", "value": 1}, {"source": "系统与机制", "target": "新手岛/新手村", "value": 1}, {"source": "系统与机制", "target": "游戏阵营", "value": 1}, {"source": "系统与机制", "target": "元素属性", "value": 7}, {"source": "系统与机制", "target": "种族天赋", "value": 16}, {"source": "系统与机制", "target": "加点/洗点", "value": 1}, {"source": "系统与机制", "target": "视野/战争迷雾", "value": 1}, {"source": "系统与机制", "target": "潜入/隐藏", "value": 1}, {"source": "系统与机制", "target": "QTE", "value": 1}, {"source": "系统与机制", "target": "BUFF", "value": 1}, {"source": "系统与机制", "target": "DEBUFF", "value": 1}, {"source": "系统与机制", "target": "BUFF稀释", "value": 1}, {"source": "系统与机制", "target": "连击（COMBO）", "value": 1}, {"source": "系统与机制", "target": "暴击（会心一击）", "value": 1}, {"source": "系统与机制", "target": "Miss", "value": 1}, {"source": "系统与机制", "target": "解锁", "value": 1691}, {"source": "系统与机制", "target": "收集", "value": 2679}, {"source": "系统与机制", "target": "CG收集度/完成度/达成度", "value": 1}, {"source": "系统与机制", "target": "生命值/HP", "value": 1}, {"source": "系统与机制", "target": "魔法值/MP/体力值/能量值", "value": 1}, {"source": "系统与机制", "target": "技能点/SP", "value": 1}, {"source": "系统与机制", "target": "经验值/EXP", "value": 1}, {"source": "系统与机制", "target": "氧气值", "value": 1}, {"source": "系统与机制", "target": "怒气值", "value": 8}, {"source": "系统与机制", "target": "疲劳值/体力值", "value": 1}, {"source": "系统与机制", "target": "饥饿度", "value": 1}, {"source": "系统与机制", "target": "恶名度/恶名值", "value": 1}, {"source": "系统与机制", "target": "好感度", "value": 95}, {"source": "系统与机制", "target": "仇恨值", "value": 8}, {"source": "系统与机制", "target": "韧性值", "value": 1}, {"source": "系统与机制", "target": "背包", "value": 749}, {"source": "系统与机制", "target": "仓库", "value": 290}, {"source": "系统与机制", "target": "红名机制", "value": 1}, {"source": "系统与机制", "target": "无限弹药", "value": 15}, {"source": "系统与机制", "target": "探索", "value": 4414}, {"source": "系统与机制", "target": "大逃杀/大混战/斗皇模式", "value": 1}, {"source": "系统与机制", "target": "空气墙", "value": 89}, {"source": "系统与机制", "target": "成就", "value": 2385}, {"source": "系统与机制", "target": "游戏拜师/师徒系统", "value": 1}, {"source": "系统与机制", "target": "捏脸", "value": 689}, {"source": "系统与机制", "target": "皮肤/时装/换装/纸娃娃系统", "value": 1}, {"source": "系统与机制", "target": "通行证", "value": 655}, {"source": "系统与机制", "target": "Jump scare", "value": 1}, {"source": "系统与机制", "target": "扫荡", "value": 186}, {"source": "系统与机制", "target": "Boss Rush", "value": 1}, {"source": "系统与机制", "target": "奖励式广告", "value": 1}, {"source": "游戏综合术语", "target": "结局类型", "value": 14}, {"source": "结局类型", "target": "Good End", "value": 1}, {"source": "结局类型", "target": "Normal End", "value": 1}, {"source": "结局类型", "target": "Bad End", "value": 1}, {"source": "结局类型", "target": "Dead End", "value": 1}, {"source": "结局类型", "target": "True End", "value": 1}, {"source": "结局类型", "target": "False End", "value": 1}, {"source": "结局类型", "target": "Perfect End", "value": 1}, {"source": "结局类型", "target": "Joke End", "value": 1}, {"source": "结局类型", "target": "Dream End", "value": 1}, {"source": "结局类型", "target": "Law End", "value": 1}, {"source": "结局类型", "target": "Chaos End", "value": 1}, {"source": "结局类型", "target": "No End", "value": 1}, {"source": "结局类型", "target": "Open End", "value": 1}, {"source": "结局类型", "target": "Bed End", "value": 1}, {"source": "游戏综合术语", "target": "发布与制作", "value": 3459}, {"source": "发布与制作", "target": "游戏测试", "value": 5}, {"source": "发布与制作", "target": "跳票", "value": 61}, {"source": "发布与制作", "target": "偷跑", "value": 65}, {"source": "发布与制作", "target": "放卫星", "value": 8}, {"source": "发布与制作", "target": "联动", "value": 2798}, {"source": "发布与制作", "target": "梦幻联动", "value": 34}, {"source": "发布与制作", "target": "云联动", "value": 1}, {"source": "发布与制作", "target": "致敬", "value": 436}, {"source": "发布与制作", "target": "画饼", "value": 51}, {"source": "游戏综合术语", "target": "发展与运营", "value": 1413}, {"source": "发展与运营", "target": "游戏新作", "value": 3}, {"source": "发展与运营", "target": "游戏续作", "value": 1}, {"source": "发展与运营", "target": "游戏外传", "value": 1}, {"source": "发展与运营", "target": "资料片", "value": 263}, {"source": "发展与运营", "target": "DLC", "value": 1}, {"source": "发展与运营", "target": "Fan Disc", "value": 1}, {"source": "发展与运营", "target": "游戏模组（MOD）", "value": 1}, {"source": "发展与运营", "target": "游戏更新", "value": 65}, {"source": "发展与运营", "target": "改版", "value": 393}, {"source": "发展与运营", "target": "分割商法", "value": 1}, {"source": "发展与运营", "target": "取消开发", "value": 1}, {"source": "发展与运营", "target": "游戏关服", "value": 1}, {"source": "发展与运营", "target": "精神续作", "value": 7}, {"source": "发展与运营", "target": "网络游戏翻新", "value": 1}, {"source": "发展与运营", "target": "游戏复刻／重置（Remastered）", "value": 1}, {"source": "发展与运营", "target": "游戏重制（Remake）", "value": 1}, {"source": "发展与运营", "target": "游戏重启（Reboot）", "value": 1}, {"source": "发展与运营", "target": "数值膨胀", "value": 668}, {"source": "发展与运营", "target": "游戏平衡性", "value": 1}, {"source": "发展与运营", "target": "对游戏内容进行数值调整", "value": 1}, {"source": "游戏综合术语", "target": "制作与运营", "value": 340}, {"source": "制作与运营", "target": "游戏策划", "value": 71}, {"source": "制作与运营", "target": "游戏原画师", "value": 1}, {"source": "制作与运营", "target": "GM", "value": 1}, {"source": "制作与运营", "target": "本地化", "value": 13}, {"source": "制作与运营", "target": "游戏代理", "value": 5}, {"source": "制作与运营", "target": "游戏发行", "value": 1}, {"source": "制作与运营", "target": "日/月活", "value": 1}, {"source": "制作与运营", "target": "游戏营收", "value": 1}, {"source": "制作与运营", "target": "渠道服", "value": 24}, {"source": "制作与运营", "target": "私服", "value": 222}, {"source": "游戏综合术语", "target": "综合及其他", "value": 11806}, {"source": "综合及其他", "target": "电子竞技", "value": 126}, {"source": "综合及其他", "target": "活动", "value": 8623}, {"source": "综合及其他", "target": "游戏服务器", "value": 21}, {"source": "综合及其他", "target": "游戏回档", "value": 1}, {"source": "综合及其他", "target": "负评轰炸", "value": 1}, {"source": "综合及其他", "target": "官方攻略", "value": 1}, {"source": "综合及其他", "target": "秘籍", "value": 30}, {"source": "综合及其他", "target": "金手指", "value": 41}, {"source": "综合及其他", "target": "外挂", "value": 949}, {"source": "综合及其他", "target": "挂机", "value": 1938}, {"source": "综合及其他", "target": "锁区", "value": 37}, {"source": "综合及其他", "target": "自制软件", "value": 1}, {"source": "综合及其他", "target": "瑞士轮", "value": 1}, {"source": "综合及其他", "target": "CTD", "value": 1}, {"source": "综合及其他", "target": "MVP", "value": 1}, {"source": "综合及其他", "target": "快攻", "value": 33}, {"source": "综合及其他", "target": "NPND（No patch, no down）", "value": 1}, {"source": "游戏分类相关", "target": "按游戏形式分类", "value": 28}, {"source": "按游戏形式分类", "target": "动作冒险游戏（A-AVG）", "value": 1}, {"source": "按游戏形式分类", "target": "冒险游戏（AVG）", "value": 1}, {"source": "按游戏形式分类", "target": "动作游戏（ACT）", "value": 1}, {"source": "按游戏形式分类", "target": "ARG", "value": 1}, {"source": "按游戏形式分类", "target": "格斗游戏（FTG）", "value": 1}, {"source": "按游戏形式分类", "target": "音乐游戏（MUG）", "value": 1}, {"source": "按游戏形式分类", "target": "益智游戏（PUZ）", "value": 1}, {"source": "按游戏形式分类", "target": "角色扮演游戏（RPG）/动作角色扮演游戏（A·RPG）/策略角色扮演游戏（S·RPG）/大型多人在线角色扮演游戏（MMO(A)RPG）", "value": 1}, {"source": "按游戏形式分类", "target": "策略游戏（SG）", "value": 1}, {"source": "按游戏形式分类", "target": "即时战略游戏（RTS）", "value": 1}, {"source": "按游戏形式分类", "target": "模拟游戏（SIM）", "value": 1}, {"source": "按游戏形式分类", "target": "体育游戏（SPG）/竞速游戏（RAC）", "value": 1}, {"source": "按游戏形式分类", "target": "射击游戏（STG）", "value": 1}, {"source": "按游戏形式分类", "target": "第一人称射击游戏（FPS）", "value": 1}, {"source": "按游戏形式分类", "target": "第三人称射击游戏（TPS）", "value": 1}, {"source": "按游戏形式分类", "target": "集换式卡牌游戏（TCG）", "value": 1}, {"source": "按游戏形式分类", "target": "塔防游戏（TD）", "value": 1}, {"source": "按游戏形式分类", "target": "多人在线战斗竞技场游戏（MOBA）", "value": 1}, {"source": "按游戏形式分类", "target": "放置游戏", "value": 7}, {"source": "按游戏形式分类", "target": "增量游戏", "value": 1}, {"source": "按游戏形式分类", "target": "自走棋", "value": 1}, {"source": "按游戏形式分类", "target": "梗类解谜游戏", "value": 1}, {"source": "游戏分类相关", "target": "按游戏内容分类", "value": 858}, {"source": "按游戏内容分类", "target": "恋爱游戏", "value": 6}, {"source": "恋爱游戏", "target": "Galgame", "value": 1}, {"source": "恋爱游戏", "target": "乙女游戏", "value": 1}, {"source": "恋爱游戏", "target": "BL游戏", "value": 1}, {"source": "恋爱游戏", "target": "百合游戏", "value": 1}, {"source": "恋爱游戏", "target": "纯爱游戏", "value": 1}, {"source": "按游戏内容分类", "target": "沙盒游戏", "value": 1}, {"source": "按游戏内容分类", "target": "开放世界游戏", "value": 224}, {"source": "按游戏内容分类", "target": "类GTA游戏", "value": 1}, {"source": "按游戏内容分类", "target": "Roguelike游戏", "value": 1}, {"source": "按游戏内容分类", "target": "幸存者like", "value": 1}, {"source": "按游戏内容分类", "target": "魂系游戏", "value": 304}, {"source": "按游戏内容分类", "target": "社交游戏", "value": 241}, {"source": "按游戏内容分类", "target": "剧情向游戏", "value": 1}, {"source": "按游戏内容分类", "target": "打字游戏", "value": 1}, {"source": "按游戏内容分类", "target": "超休闲游戏", "value": 1}, {"source": "按游戏内容分类", "target": "大逃杀游戏", "value": 1}, {"source": "按游戏内容分类", "target": "类塔科夫游戏", "value": 1}, {"source": "按游戏内容分类", "target": "生物收集游戏（类宝可梦游戏）", "value": 1}, {"source": "按游戏内容分类", "target": "恐怖游戏", "value": 72}, {"source": "按游戏内容分类", "target": "吉祥物恐怖游戏", "value": 1}, {"source": "游戏分类相关", "target": "按年龄限制分类", "value": 5}, {"source": "按年龄限制分类", "target": "分级制度", "value": 1}, {"source": "按年龄限制分类", "target": "成人游戏/18禁游戏", "value": 1}, {"source": "按年龄限制分类", "target": "拔作", "value": 1}, {"source": "按年龄限制分类", "target": "全年龄游戏", "value": 2}, {"source": "游戏分类相关", "target": "按游戏平台分类", "value": 944}, {"source": "按游戏平台分类", "target": "游戏主机", "value": 1}, {"source": "按游戏平台分类", "target": "家用机", "value": 5}, {"source": "按游戏平台分类", "target": "掌机", "value": 467}, {"source": "按游戏平台分类", "target": "街机", "value": 136}, {"source": "按游戏平台分类", "target": "弹珠机", "value": 1}, {"source": "按游戏平台分类", "target": "老虎机", "value": 7}, {"source": "按游戏平台分类", "target": "电脑游戏", "value": 133}, {"source": "按游戏平台分类", "target": "网页游戏", "value": 15}, {"source": "按游戏平台分类", "target": "手机游戏", "value": 126}, {"source": "按游戏平台分类", "target": "二次元手游", "value": 52}, {"source": "按游戏平台分类", "target": "桌上游戏", "value": 1}, {"source": "游戏分类相关", "target": "按玩家人数分类", "value": 1429}, {"source": "按玩家人数分类", "target": "单机游戏", "value": 1283}, {"source": "按玩家人数分类", "target": "本地合作/分屏游戏/热座模式", "value": 1}, {"source": "按玩家人数分类", "target": "局域网联机游戏", "value": 1}, {"source": "按玩家人数分类", "target": "网络游戏", "value": 142}, {"source": "按玩家人数分类", "target": "区块链游戏", "value": 1}, {"source": "按玩家人数分类", "target": "零人游戏", "value": 1}, {"source": "游戏分类相关", "target": "其他分类", "value": 224}, {"source": "其他分类", "target": "MUD游戏", "value": 1}, {"source": "其他分类", "target": "邮递型游戏", "value": 1}, {"source": "其他分类", "target": "网络文字角色扮演游戏", "value": 1}, {"source": "其他分类", "target": "Flash游戏", "value": 1}, {"source": "其他分类", "target": "增强现实游戏、", "value": 1}, {"source": "其他分类", "target": "虚拟现实游戏", "value": 1}, {"source": "其他分类", "target": "数值游戏", "value": 48}, {"source": "其他分类", "target": "内容游戏", "value": 22}, {"source": "其他分类", "target": "买断制游戏", "value": 85}, {"source": "其他分类", "target": "服务型游戏", "value": 15}, {"source": "其他分类", "target": "体感游戏", "value": 5}, {"source": "其他分类", "target": "反人类游戏", "value": 2}, {"source": "其他分类", "target": "聚会游戏", "value": 1}, {"source": "其他分类", "target": "换皮游戏", "value": 23}, {"source": "其他分类", "target": "情怀游戏", "value": 2}, {"source": "其他分类", "target": "像素游戏", "value": 13}, {"source": "其他分类", "target": "虚构游戏", "value": 1}, {"source": "其他分类", "target": "IO游戏", "value": 1}, {"source": "角色与职责", "target": "角色综合", "value": 6452}, {"source": "角色综合", "target": "玩家角色", "value": 25}, {"source": "角色综合", "target": "第四天灾", "value": 1}, {"source": "角色综合", "target": "可控角色", "value": 1}, {"source": "角色综合", "target": "NPC", "value": 1}, {"source": "角色综合", "target": "游戏人物属性", "value": 1}, {"source": "角色综合", "target": "游戏职业", "value": 1}, {"source": "角色综合", "target": "转职系统/职业树", "value": 1}, {"source": "角色综合", "target": "职业克制", "value": 1}, {"source": "角色综合", "target": "转生系统", "value": 1}, {"source": "角色综合", "target": "宠物/坐骑", "value": 1}, {"source": "角色综合", "target": "怪物", "value": 6108}, {"source": "角色综合", "target": "特殊怪物", "value": 1}, {"source": "角色综合", "target": "杂兵", "value": 66}, {"source": "角色综合", "target": "精英怪", "value": 239}, {"source": "角色综合", "target": "BOSS", "value": 1}, {"source": "角色综合", "target": "最终BOSS", "value": 1}, {"source": "角色综合", "target": "隐藏BOSS", "value": 1}, {"source": "角色综合", "target": "世界BOSS", "value": 1}, {"source": "角色与职责", "target": "职责分工", "value": 13008}, {"source": "职责分工", "target": "(A)RPG类", "value": 3}, {"source": "(A)RPG类", "target": "DPS", "value": 1}, {"source": "(A)RPG类", "target": "坦克(MT)", "value": 1}, {"source": "(A)RPG类", "target": "奶妈/奶爸", "value": 1}, {"source": "职责分工", "target": "MOBA类", "value": 13005}, {"source": "MOBA类", "target": "上单", "value": 986}, {"source": "MOBA类", "target": "中单", "value": 988}, {"source": "MOBA类", "target": "ADC", "value": 1}, {"source": "MOBA类", "target": "辅助", "value": 6991}, {"source": "MOBA类", "target": "打野", "value": 4038}, {"source": "MOBA类", "target": "n号位", "value": 1}, {"source": "角色与职责", "target": "主要职业", "value": 9665}, {"source": "主要职业", "target": "法师", "value": 5325}, {"source": "主要职业", "target": "战士", "value": 3275}, {"source": "主要职业", "target": "刺客", "value": 1064}, {"source": "主要职业", "target": "弓箭手/射手", "value": 1}, {"source": "游戏玩法用语", "target": "通用", "value": 82027}, {"source": "通用", "target": "AFK", "value": 1}, {"source": "通用", "target": "APM", "value": 1}, {"source": "通用", "target": "S／L大法", "value": 1}, {"source": "通用", "target": "TAS", "value": 1}, {"source": "通用", "target": "快速战斗", "value": 10}, {"source": "通用", "target": "点券/充值", "value": 1}, {"source": "通用", "target": "攻略", "value": 8532}, {"source": "通用", "target": "大招/必杀技/奥义/终极技能", "value": 1}, {"source": "通用", "target": "被动技能", "value": 1}, {"source": "通用", "target": "判定", "value": 861}, {"source": "通用", "target": "质检员/守门员", "value": 1}, {"source": "通用", "target": "触手", "value": 139}, {"source": "通用", "target": "玩家", "value": 44775}, {"source": "通用", "target": "高端玩家", "value": 1}, {"source": "通用", "target": "爆机(通关)", "value": 1}, {"source": "通用", "target": "无伤通关", "value": 13}, {"source": "通用", "target": "完美通关", "value": 11}, {"source": "通用", "target": "低通/裸通", "value": 1}, {"source": "通用", "target": "微操", "value": 41}, {"source": "通用", "target": "卖血", "value": 10}, {"source": "通用", "target": "爆肝", "value": 99}, {"source": "通用", "target": "刷图", "value": 119}, {"source": "通用", "target": "国战", "value": 36}, {"source": "通用", "target": "高ping战士", "value": 1}, {"source": "通用", "target": "天赋树", "value": 84}, {"source": "通用", "target": "团灭", "value": 304}, {"source": "通用", "target": "垃圾话", "value": 65}, {"source": "通用", "target": "单挑/solo/sala", "value": 1}, {"source": "通用", "target": "一骑讨", "value": 1}, {"source": "通用", "target": "新手光环", "value": 1}, {"source": "通用", "target": "新秀墙", "value": 1}, {"source": "通用", "target": "职业歧视", "value": 1}, {"source": "通用", "target": "修仙", "value": 297}, {"source": "通用", "target": "删号", "value": 58}, {"source": "通用", "target": "开发票", "value": 4}, {"source": "通用", "target": "霸体", "value": 884}, {"source": "通用", "target": "光环", "value": 195}, {"source": "通用", "target": "受身", "value": 89}, {"source": "通用", "target": "首杀", "value": 1}, {"source": "通用", "target": "神风", "value": 72}, {"source": "通用", "target": "初见杀", "value": 63}, {"source": "通用", "target": "剧情杀", "value": 55}, {"source": "通用", "target": "环境伤害/地形杀", "value": 1}, {"source": "通用", "target": "持续伤害/DoT", "value": 1}, {"source": "通用", "target": "代码杀", "value": 1}, {"source": "通用", "target": "前摇", "value": 450}, {"source": "通用", "target": "后摇", "value": 841}, {"source": "通用", "target": "养老", "value": 604}, {"source": "通用", "target": "速通", "value": 533}, {"source": "通用", "target": "友军", "value": 90}, {"source": "通用", "target": "处决", "value": 677}, {"source": "通用", "target": "数值怪", "value": 245}, {"source": "通用", "target": "拐", "value": 1492}, {"source": "通用", "target": "刮痧", "value": 444}, {"source": "通用", "target": "破防", "value": 1596}, {"source": "通用", "target": "酱油", "value": 167}, {"source": "通用", "target": "混子", "value": 297}, {"source": "通用", "target": "老板", "value": 1200}, {"source": "通用", "target": "大哥", "value": 2619}, {"source": "通用", "target": "图纸oo（图纸枪/图纸车/图纸船/图纸机 等）", "value": 1}, {"source": "通用", "target": "回血", "value": 1336}, {"source": "通用", "target": "呼吸回血", "value": 3}, {"source": "通用", "target": "锁血", "value": 88}, {"source": "通用", "target": "反伤", "value": 47}, {"source": "通用", "target": "Poke", "value": 1}, {"source": "通用", "target": "机器人/BOT", "value": 1}, {"source": "通用", "target": "开团", "value": 884}, {"source": "通用", "target": "仓鼠党/囤囤鼠", "value": 1}, {"source": "通用", "target": "帧伤", "value": 4}, {"source": "通用", "target": "无敌", "value": 4652}, {"source": "通用", "target": "控", "value": 6693}, {"source": "通用", "target": "硬控", "value": 143}, {"source": "通用", "target": "o服第一xx", "value": 1}, {"source": "通用", "target": "专属武器（专武）", "value": 1}, {"source": "通用", "target": "构筑", "value": 79}, {"source": "游戏玩法用语", "target": "(A)RPG类", "value": 4743}, {"source": "(A)RPG类", "target": "PVP", "value": 1}, {"source": "(A)RPG类", "target": "PVE", "value": 1}, {"source": "(A)RPG类", "target": "公会", "value": 1217}, {"source": "(A)RPG类", "target": "组队", "value": 1294}, {"source": "(A)RPG类", "target": "拾荒", "value": 1}, {"source": "(A)RPG类", "target": "卖队友", "value": 51}, {"source": "(A)RPG类", "target": "走位", "value": 724}, {"source": "(A)RPG类", "target": "秦王步法", "value": 1}, {"source": "(A)RPG类", "target": "CD流", "value": 1}, {"source": "(A)RPG类", "target": "猥琐流", "value": 1}, {"source": "(A)RPG类", "target": "一波流", "value": 152}, {"source": "(A)RPG类", "target": "仇恨溢出", "value": 1}, {"source": "(A)RPG类", "target": "经验宝宝", "value": 1}, {"source": "(A)RPG类", "target": "站桩", "value": 695}, {"source": "(A)RPG类", "target": "打桩", "value": 215}, {"source": "(A)RPG类", "target": "键盘钢琴家", "value": 1}, {"source": "(A)RPG类", "target": "强杀", "value": 36}, {"source": "(A)RPG类", "target": "冷却/读条完毕", "value": 1}, {"source": "(A)RPG类", "target": "PK", "value": 1}, {"source": "(A)RPG类", "target": "/Play Kill（虐杀玩家）/Player Killer（玩家攻击者）/Player Killing（虐杀玩家[行为]）", "value": 1}, {"source": "(A)RPG类", "target": "脱战", "value": 97}, {"source": "(A)RPG类", "target": "下线遁", "value": 1}, {"source": "(A)RPG类", "target": "回城", "value": 231}, {"source": "(A)RPG类", "target": "计生", "value": 9}, {"source": "(A)RPG类", "target": "鸡神", "value": 1}, {"source": "(A)RPG类", "target": "平A/走A", "value": 1}, {"source": "(A)RPG类", "target": "DKP", "value": 1}, {"source": "(A)RPG类", "target": "NINJA/毛装", "value": 1}, {"source": "(A)RPG类", "target": "堆尸", "value": 5}, {"source": "游戏玩法用语", "target": "FPS类", "value": 6750}, {"source": "FPS类", "target": "点位", "value": 511}, {"source": "FPS类", "target": "安包", "value": 11}, {"source": "FPS类", "target": "拆包", "value": 101}, {"source": "FPS类", "target": "扔雷", "value": 1}, {"source": "FPS类", "target": "爆头", "value": 1814}, {"source": "FPS类", "target": "甩狙", "value": 46}, {"source": "FPS类", "target": "跟狙", "value": 1}, {"source": "FPS类", "target": "闪镜（瞬狙）", "value": 1}, {"source": "FPS类", "target": "跳狙", "value": 1}, {"source": "FPS类", "target": "盲狙", "value": 1}, {"source": "FPS类", "target": "卡BUG", "value": 1}, {"source": "FPS类", "target": "穿墙", "value": 1}, {"source": "FPS类", "target": "Rush B", "value": 1}, {"source": "FPS类", "target": "PTFO", "value": 1}, {"source": "FPS类", "target": "枪法", "value": 1377}, {"source": "FPS类", "target": "走位", "value": 724}, {"source": "FPS类", "target": "对枪", "value": 909}, {"source": "FPS类", "target": "压枪", "value": 827}, {"source": "FPS类", "target": "老六", "value": 416}, {"source": "FPS类", "target": "卖头", "value": 5}, {"source": "游戏玩法用语", "target": "FTG类", "value": 2756}, {"source": "FTG类", "target": "波动拳", "value": 9}, {"source": "FTG类", "target": "升龙拳", "value": 21}, {"source": "FTG类", "target": "龙卷旋风脚", "value": 1}, {"source": "FTG类", "target": "瞬狱杀", "value": 16}, {"source": "FTG类", "target": "必杀技", "value": 29}, {"source": "FTG类", "target": "凹", "value": 854}, {"source": "FTG类", "target": "目押", "value": 76}, {"source": "FTG类", "target": "波升流", "value": 1}, {"source": "FTG类", "target": "硬直", "value": 474}, {"source": "FTG类", "target": "裸杀", "value": 1}, {"source": "FTG类", "target": "立回", "value": 81}, {"source": "FTG类", "target": "差合", "value": 2}, {"source": "FTG类", "target": "择", "value": 1}, {"source": "FTG类", "target": "取消", "value": 1083}, {"source": "FTG类", "target": "爆气", "value": 1}, {"source": "FTG类", "target": "段(上•中•下)", "value": 1}, {"source": "FTG类", "target": "打康", "value": 1}, {"source": "FTG类", "target": "无责任", "value": 1}, {"source": "FTG类", "target": "连击修正", "value": 1}, {"source": "FTG类", "target": "当身", "value": 7}, {"source": "FTG类", "target": "投技", "value": 92}, {"source": "FTG类", "target": "飞行道具", "value": 3}, {"source": "游戏玩法用语", "target": "STG类", "value": 6760}, {"source": "STG类", "target": "自机", "value": 142}, {"source": "STG类", "target": "子机", "value": 24}, {"source": "STG类", "target": "Bomb（雷）/抱B/NB", "value": 1}, {"source": "STG类", "target": "残机/Miss/NM", "value": 1}, {"source": "STG类", "target": "扭/猴/缩", "value": 1}, {"source": "STG类", "target": "糟/发", "value": 1}, {"source": "STG类", "target": "体术", "value": 42}, {"source": "STG类", "target": "背版", "value": 4}, {"source": "STG类", "target": "安定", "value": 25}, {"source": "STG类", "target": "增援", "value": 11}, {"source": "STG类", "target": "上线", "value": 3887}, {"source": "STG类", "target": "沙包", "value": 78}, {"source": "STG类", "target": "低封", "value": 1}, {"source": "STG类", "target": "死尸弹", "value": 1}, {"source": "STG类", "target": "rank", "value": 150}, {"source": "STG类", "target": "火力", "value": 376}, {"source": "STG类", "target": "hyper", "value": 17}, {"source": "STG类", "target": "蓄力", "value": 1998}, {"source": "游戏玩法用语", "target": "MOBA类", "value": 5277}, {"source": "MOBA类", "target": "开黑", "value": 603}, {"source": "MOBA类", "target": "排位分段", "value": 1}, {"source": "MOBA类", "target": "兵线", "value": 895}, {"source": "MOBA类", "target": "补兵", "value": 91}, {"source": "MOBA类", "target": "推塔", "value": 1}, {"source": "MOBA类", "target": "破路", "value": 1}, {"source": "MOBA类", "target": "Gank", "value": 1}, {"source": "MOBA类", "target": "反蹲", "value": 32}, {"source": "MOBA类", "target": "团战", "value": 766}, {"source": "MOBA类", "target": "对线", "value": 2213}, {"source": "MOBA类", "target": "抢人头", "value": 29}, {"source": "MOBA类", "target": "送人头", "value": 158}, {"source": "MOBA类", "target": "演员", "value": 285}, {"source": "MOBA类", "target": "虐泉", "value": 1}, {"source": "MOBA类", "target": "偷塔/偷家", "value": 1}, {"source": "MOBA类", "target": "背锅", "value": 189}, {"source": "MOBA类", "target": "换家", "value": 10}, {"source": "游戏玩法用语", "target": "音乐游戏类", "value": 1318}, {"source": "音乐游戏类", "target": "收歌", "value": 1}, {"source": "音乐游戏类", "target": "无视重力的跳跃", "value": 1}, {"source": "音乐游戏类", "target": "谱面", "value": 1}, {"source": "音乐游戏类", "target": "BPM", "value": 1}, {"source": "音乐游戏类", "target": "段位系统", "value": 1}, {"source": "音乐游戏类", "target": "难民", "value": 115}, {"source": "音乐游戏类", "target": "隐藏曲", "value": 1}, {"source": "音乐游戏类", "target": "隐藏谱面", "value": 1}, {"source": "音乐游戏类", "target": "粪谱", "value": 1}, {"source": "音乐游戏类", "target": "馅蜜", "value": 1}, {"source": "音乐游戏类", "target": "和尚", "value": 150}, {"source": "音乐游戏类", "target": "片手", "value": 673}, {"source": "音乐游戏类", "target": "插音", "value": 1}, {"source": "音乐游戏类", "target": "全连", "value": 2}, {"source": "音乐游戏类", "target": "Full Fail", "value": 1}, {"source": "音乐游戏类", "target": "回头厨", "value": 1}, {"source": "音乐游戏类", "target": "变速", "value": 6}, {"source": "音乐游戏类", "target": "soft landing", "value": 1}, {"source": "音乐游戏类", "target": "谱面停止", "value": 1}, {"source": "音乐游戏类", "target": "鱼蛋", "value": 1}, {"source": "音乐游戏类", "target": "诈称", "value": 1}, {"source": "音乐游戏类", "target": "全押", "value": 2}, {"source": "音乐游戏类", "target": "出勤", "value": 10}, {"source": "音乐游戏类", "target": "背板", "value": 341}, {"source": "音乐游戏类", "target": "Double Play", "value": 1}, {"source": "音乐游戏类", "target": "音游梗", "value": 1}, {"source": "音乐游戏类", "target": "音游王", "value": 1}, {"source": "游戏玩法用语", "target": "抽卡游戏类", "value": 2246}, {"source": "抽卡游戏类", "target": "稀有度/星级", "value": 1}, {"source": "抽卡游戏类", "target": "星级/阶级", "value": 1}, {"source": "抽卡游戏类", "target": "缘分/纽带/派别/羁绊", "value": 1}, {"source": "抽卡游戏类", "target": "狗粮", "value": 171}, {"source": "抽卡游戏类", "target": "公式", "value": 1409}, {"source": "抽卡游戏类", "target": "觉醒", "value": 534}, {"source": "抽卡游戏类", "target": "单抽", "value": 127}, {"source": "抽卡游戏类", "target": "/连抽", "value": 1}, {"source": "抽卡游戏类", "target": "保底/天井", "value": 1}, {"source": "游戏玩法用语", "target": "玄学相关", "value": 441}, {"source": "玄学相关", "target": "非洲人/非酋", "value": 1}, {"source": "玄学相关", "target": "欧洲人/欧皇", "value": 1}, {"source": "玄学相关", "target": "非提", "value": 1}, {"source": "玄学相关", "target": "欧提", "value": 8}, {"source": "玄学相关", "target": "人品", "value": 145}, {"source": "玄学相关", "target": "海豹", "value": 62}, {"source": "玄学相关", "target": "天胡", "value": 67}, {"source": "玄学相关", "target": "许愿", "value": 155}, {"source": "玄学相关", "target": "玄不救非，氪不改命", "value": 1}, {"source": "游戏玩法用语", "target": "游戏典故", "value": 1894}, {"source": "游戏典故", "target": "十里坡剑神", "value": 15}, {"source": "游戏典故", "target": "一夜过后", "value": 1}, {"source": "游戏典故", "target": "1V5", "value": 1}, {"source": "游戏典故", "target": "俸俸伲购美病", "value": 1}, {"source": "游戏典故", "target": "父马可亲", "value": 1}, {"source": "游戏典故", "target": "少女卷轴", "value": 3}, {"source": "游戏典故", "target": "炸鸡勇者", "value": 1}, {"source": "游戏典故", "target": "反向Q", "value": 1}, {"source": "游戏典故", "target": "吃鸡", "value": 1850}, {"source": "游戏典故", "target": "胆创", "value": 1}, {"source": "游戏典故", "target": "孙笨", "value": 11}, {"source": "游戏典故", "target": "通渠", "value": 4}, {"source": "游戏典故", "target": "T pose", "value": 1}, {"source": "游戏典故", "target": "Jack-O‘ Pose", "value": 1}, {"source": "游戏典故", "target": "刀刀烈火", "value": 1}, {"source": "游戏典故", "target": "科乐美秘技", "value": 1}, {"source": "游戏玩法用语", "target": "游戏圈吐槽语", "value": 457}, {"source": "游戏圈吐槽语", "target": "ADC in 2017", "value": 1}, {"source": "游戏圈吐槽语", "target": "本人操作", "value": 1}, {"source": "游戏圈吐槽语", "target": "电表倒转", "value": 1}, {"source": "游戏圈吐槽语", "target": "风暴oo", "value": 1}, {"source": "游戏圈吐槽语", "target": "GG", "value": 1}, {"source": "游戏圈吐槽语", "target": "G胖不会数3", "value": 1}, {"source": "游戏圈吐槽语", "target": "海外无人权", "value": 1}, {"source": "游戏圈吐槽语", "target": "你知道我的痛楚吗", "value": 1}, {"source": "游戏圈吐槽语", "target": "强度美", "value": 1}, {"source": "游戏圈吐槽语", "target": "人体描边大师", "value": 1}, {"source": "游戏圈吐槽语", "target": "赛博精神病", "value": 1}, {"source": "游戏圈吐槽语", "target": "手痒难耐，渴望打架", "value": 1}, {"source": "游戏圈吐槽语", "target": "土豆服务器", "value": 7}, {"source": "游戏圈吐槽语", "target": "V社时间", "value": 1}, {"source": "游戏圈吐槽语", "target": "我们来削弱oo吧", "value": 1}, {"source": "游戏圈吐槽语", "target": "星际玩家", "value": 1}, {"source": "游戏圈吐槽语", "target": "一代补丁一代神", "value": 1}, {"source": "游戏圈吐槽语", "target": "用心做oo，用脚做游戏", "value": 1}, {"source": "游戏圈吐槽语", "target": "这火我不传", "value": 1}, {"source": "游戏圈吐槽语", "target": "临时工", "value": 9}, {"source": "游戏圈吐槽语", "target": "拉胯", "value": 417}, {"source": "游戏圈吐槽语", "target": "开个脉动，好走不送", "value": 1}, {"source": "游戏圈吐槽语", "target": "正版游戏受害者", "value": 1}, {"source": "游戏圈吐槽语", "target": "骂完记得买", "value": 1}, {"source": "游戏圈吐槽语", "target": "请各位oo在过场动画至少穿得像个人", "value": 1}, {"source": "游戏圈吐槽语", "target": "我们做了一个艰难的决定", "value": 1}, {"source": "游戏圈吐槽语", "target": "一切以结算为准", "value": 1}]}