[{"name": "游戏", "value": 106244, "doc_freq": 77133, "category": "名词", "x": 2.9515185356140137, "y": -2.435749053955078, "cluster": 1}, {"name": "t", "value": 78360, "doc_freq": 53318, "category": "其他", "x": 0.9843751788139343, "y": -5.243171691894531, "cluster": 1}, {"name": "玩家", "value": 44775, "doc_freq": 33586, "category": "名词", "x": 1.9835158586502075, "y": -3.0095267295837402, "cluster": 1}, {"name": "火", "value": 33358, "doc_freq": 25916, "category": "名词", "x": -0.41426315903663635, "y": -2.9513731002807617, "cluster": 1}, {"name": "魂", "value": 15812, "doc_freq": 12361, "category": "名词", "x": 2.228912591934204, "y": -3.2490322589874268, "cluster": 1}, {"name": "皮肤", "value": 12441, "doc_freq": 9461, "category": "名词", "x": 1.6605932712554932, "y": -2.976809024810791, "cluster": 1}, {"name": "奶", "value": 11101, "doc_freq": 7686, "category": "名词", "x": 1.579437494277954, "y": -2.756671190261841, "cluster": 1}, {"name": "雷", "value": 10953, "doc_freq": 9126, "category": "名词", "x": 0.9363344311714172, "y": -2.330598831176758, "cluster": 2}, {"name": "boss", "value": 9737, "doc_freq": 7716, "category": "其他", "x": 0.36498555541038513, "y": -0.5149198770523071, "cluster": 2}, {"name": "活动", "value": 8623, "doc_freq": 6775, "category": "动词", "x": 0.7417123317718506, "y": -3.041794538497925, "cluster": 0}, {"name": "攻略", "value": 8532, "doc_freq": 6872, "category": "名词", "x": 0.8920977115631104, "y": -3.409069538116455, "cluster": 1}, {"name": "闪", "value": 8415, "doc_freq": 6166, "category": "动词", "x": 0.662585973739624, "y": -2.0403554439544678, "cluster": 1}, {"name": "主线", "value": 8005, "doc_freq": 6489, "category": "名词", "x": 4.104424476623535, "y": -2.152125835418701, "cluster": 1}, {"name": "辅助", "value": 6991, "doc_freq": 5633, "category": "名词", "x": 1.1648712158203125, "y": -3.1672658920288086, "cluster": 1}, {"name": "控", "value": 6693, "doc_freq": 5753, "category": "动词", "x": 1.7289141416549683, "y": -2.784303903579712, "cluster": 1}, {"name": "肝", "value": 6510, "doc_freq": 5325, "category": "名词", "x": 5.102303504943848, "y": -1.070011019706726, "cluster": 3}, {"name": "召唤", "value": 6466, "doc_freq": 5915, "category": "动词", "x": 3.2721924781799316, "y": -1.4070943593978882, "cluster": 1}, {"name": "怪物", "value": 6108, "doc_freq": 4809, "category": "名词", "x": 1.8330436944961548, "y": -2.430354118347168, "cluster": 1}, {"name": "深渊", "value": 6044, "doc_freq": 4629, "category": "名词", "x": 1.5067960023880005, "y": -1.762924075126648, "cluster": 1}, {"name": "大招", "value": 5583, "doc_freq": 4553, "category": "名词", "x": 5.1107096672058105, "y": -0.8282668590545654, "cluster": 3}, {"name": "演", "value": 5468, "doc_freq": 4537, "category": "动词", "x": 0.8190255165100098, "y": -1.9668447971343994, "cluster": 2}, {"name": "dlc", "value": 5337, "doc_freq": 4710, "category": "其他", "x": 2.827409029006958, "y": -1.8959342241287231, "cluster": 1}, {"name": "法师", "value": 5325, "doc_freq": 4403, "category": "名词", "x": 1.7710721492767334, "y": -3.0662755966186523, "cluster": 1}, {"name": "烟", "value": 4779, "doc_freq": 3535, "category": "名词", "x": 1.7429779767990112, "y": -3.226992607116699, "cluster": 1}, {"name": "浪", "value": 4688, "doc_freq": 4203, "category": "名词", "x": 1.8781893253326416, "y": -2.65643572807312, "cluster": 1}, {"name": "无敌", "value": 4652, "doc_freq": 4352, "category": "动词", "x": 1.070792555809021, "y": -3.030510425567627, "cluster": 0}, {"name": "射手", "value": 4444, "doc_freq": 3344, "category": "名词", "x": 3.113873243331909, "y": -3.2893455028533936, "cluster": 1}, {"name": "副本", "value": 4428, "doc_freq": 3442, "category": "名词", "x": 0.9034258127212524, "y": -5.2926788330078125, "cluster": 1}, {"name": "探索", "value": 4414, "doc_freq": 3607, "category": "动词", "x": 2.02614426612854, "y": -2.4369335174560547, "cluster": 1}, {"name": "联机", "value": 4147, "doc_freq": 3423, "category": "名词", "x": 2.1048336029052734, "y": -2.6507153511047363, "cluster": 1}, {"name": "打野", "value": 4038, "doc_freq": 3252, "category": "动词", "x": 2.1960484981536865, "y": -1.8922960758209229, "cluster": 1}, {"name": "pvp", "value": 3914, "doc_freq": 3027, "category": "其他", "x": 0.22739417850971222, "y": -2.0331437587738037, "cluster": 1}, {"name": "上线", "value": 3887, "doc_freq": 3535, "category": "名词", "x": 3.206387519836426, "y": -2.543032169342041, "cluster": 1}, {"name": "反应", "value": 3824, "doc_freq": 3116, "category": "动词", "x": 0.6952535510063171, "y": -2.1165332794189453, "cluster": 2}, {"name": "保底", "value": 3738, "doc_freq": 3195, "category": "名词", "x": 1.956924319267273, "y": -2.385944366455078, "cluster": 1}, {"name": "npc", "value": 3328, "doc_freq": 2800, "category": "其他", "x": 0.049708738923072815, "y": -0.4882577955722809, "cluster": 2}, {"name": "单排", "value": 3276, "doc_freq": 2914, "category": "名词", "x": 0.17536750435829163, "y": -3.114445447921753, "cluster": 1}, {"name": "战士", "value": 3275, "doc_freq": 2761, "category": "名词", "x": 1.3060280084609985, "y": -3.124737024307251, "cluster": 1}, {"name": "ot", "value": 3216, "doc_freq": 2776, "category": "名词", "x": 0.9282282590866089, "y": -5.348193645477295, "cluster": 1}, {"name": "氪金", "value": 3132, "doc_freq": 2596, "category": "名词", "x": 1.6968557834625244, "y": -2.4079713821411133, "cluster": 1}, {"name": "开荒", "value": 2974, "doc_freq": 2555, "category": "动词", "x": 1.4499218463897705, "y": -2.619415044784546, "cluster": 1}, {"name": "bug", "value": 2960, "doc_freq": 2548, "category": "名词", "x": 2.6146867275238037, "y": -2.6160495281219482, "cluster": 1}, {"name": "cd", "value": 2812, "doc_freq": 2361, "category": "其他", "x": -0.11448346823453903, "y": -4.321347236633301, "cluster": 1}, {"name": "联动", "value": 2798, "doc_freq": 2408, "category": "动词", "x": 0.9419527053833008, "y": -1.6491676568984985, "cluster": 1}, {"name": "tp", "value": 2791, "doc_freq": 2328, "category": "其他", "x": 0.8446603417396545, "y": -2.683443784713745, "cluster": 0}, {"name": "buff", "value": 2785, "doc_freq": 2337, "category": "其他", "x": 4.7764997482299805, "y": -0.9371567964553833, "cluster": 3}, {"name": "收集", "value": 2679, "doc_freq": 2280, "category": "动词", "x": 1.014513611793518, "y": -3.045248031616211, "cluster": 1}, {"name": "大哥", "value": 2619, "doc_freq": 2287, "category": "名词", "x": 2.2107205390930176, "y": -2.822507381439209, "cluster": 1}, {"name": "原石", "value": 2605, "doc_freq": 2112, "category": "名词", "x": -0.21651789546012878, "y": -2.2493250370025635, "cluster": 1}, {"name": "胡桃", "value": 2445, "doc_freq": 1921, "category": "名词", "x": 2.2000930309295654, "y": -2.0287485122680664, "cluster": 1}, {"name": "小号", "value": 2442, "doc_freq": 2190, "category": "名词", "x": 3.60508131980896, "y": -2.236050844192505, "cluster": 1}, {"name": "炸鱼", "value": 2403, "doc_freq": 1976, "category": "动词", "x": 1.2110702991485596, "y": -2.737401247024536, "cluster": 1}, {"name": "成就", "value": 2385, "doc_freq": 2157, "category": "名词", "x": 1.3731263875961304, "y": -2.966066360473633, "cluster": 1}, {"name": "复活", "value": 2330, "doc_freq": 1993, "category": "动词", "x": 1.2095458507537842, "y": -2.8347525596618652, "cluster": 1}, {"name": "天赋", "value": 2271, "doc_freq": 1909, "category": "名词", "x": 0.8292763233184814, "y": -2.5127246379852295, "cluster": 1}, {"name": "奶妈", "value": 2266, "doc_freq": 1722, "category": "名词", "x": 2.6323347091674805, "y": -2.027294635772705, "cluster": 1}, {"name": "黄金树", "value": 2256, "doc_freq": 1600, "category": "名词", "x": 4.435671806335449, "y": -2.2498879432678223, "cluster": 1}, {"name": "随机", "value": 2245, "doc_freq": 1947, "category": "名词", "x": 1.3357435464859009, "y": -3.044081211090088, "cluster": 1}, {"name": "对线", "value": 2213, "doc_freq": 1923, "category": "名词", "x": 1.3419617414474487, "y": -3.121347665786743, "cluster": 1}, {"name": "开大", "value": 2187, "doc_freq": 1926, "category": "动词", "x": 0.8122869729995728, "y": -2.9873745441436768, "cluster": 1}, {"name": "传送", "value": 2134, "doc_freq": 1763, "category": "动词", "x": 1.3232917785644531, "y": -2.5820233821868896, "cluster": 1}, {"name": "开放世界", "value": 2116, "doc_freq": 1679, "category": "名词", "x": 1.5236936807632446, "y": -3.5221385955810547, "cluster": 1}, {"name": "坐牢", "value": 2084, "doc_freq": 1918, "category": "动词", "x": 1.1482981443405151, "y": -2.729396343231201, "cluster": 1}, {"name": "蓄力", "value": 1998, "doc_freq": 1572, "category": "名词", "x": 0.9938947558403015, "y": -3.270498037338257, "cluster": 1}, {"name": "日常", "value": 1966, "doc_freq": 1806, "category": "其他", "x": 4.8877105712890625, "y": -1.1033902168273926, "cluster": 3}, {"name": "挂机", "value": 1938, "doc_freq": 1588, "category": "名词", "x": 4.921660900115967, "y": -1.0299816131591797, "cluster": 3}, {"name": "中路", "value": 1936, "doc_freq": 1564, "category": "名词", "x": 2.1245954036712646, "y": -2.06447172164917, "cluster": 1}, {"name": "旅行者", "value": 1910, "doc_freq": 1407, "category": "名词", "x": 4.130856037139893, "y": -1.7429054975509644, "cluster": 1}, {"name": "金币", "value": 1909, "doc_freq": 1536, "category": "名词", "x": 1.7008581161499023, "y": -2.8384485244750977, "cluster": 1}, {"name": "吃鸡", "value": 1850, "doc_freq": 1609, "category": "动词", "x": 2.242413282394409, "y": -2.0224592685699463, "cluster": 1}, {"name": "暴击", "value": 1827, "doc_freq": 1321, "category": "动词", "x": 2.2820796966552734, "y": -2.559098720550537, "cluster": 1}, {"name": "爆头", "value": 1814, "doc_freq": 1295, "category": "名词", "x": 0.5184647440910339, "y": -2.016693115234375, "cluster": 1}, {"name": "gm", "value": 1736, "doc_freq": 1638, "category": "其他", "x": 1.4354016780853271, "y": -3.0695369243621826, "cluster": 1}, {"name": "五星", "value": 1717, "doc_freq": 1491, "category": "名词", "x": 1.2005969285964966, "y": -4.544305801391602, "cluster": 1}, {"name": "解锁", "value": 1691, "doc_freq": 1459, "category": "动词", "x": 0.03755207732319832, "y": -4.242360591888428, "cluster": 1}, {"name": "爆发", "value": 1679, "doc_freq": 1440, "category": "动词", "x": 2.118298053741455, "y": -2.399580717086792, "cluster": 1}, {"name": "dps", "value": 1611, "doc_freq": 1339, "category": "其他", "x": 1.2396485805511475, "y": -3.1603760719299316, "cluster": 1}, {"name": "坦克", "value": 1601, "doc_freq": 1246, "category": "名词", "x": 4.589961528778076, "y": -1.0720043182373047, "cluster": 3}, {"name": "满命", "value": 1599, "doc_freq": 1359, "category": "名词", "x": 2.933534622192383, "y": -3.3364248275756836, "cluster": 1}, {"name": "连招", "value": 1597, "doc_freq": 1343, "category": "名词", "x": 0.761263370513916, "y": -3.0066328048706055, "cluster": 1}, {"name": "破防", "value": 1596, "doc_freq": 1427, "category": "动词", "x": -0.07500211149454117, "y": -4.697584629058838, "cluster": 1}, {"name": "雷神", "value": 1548, "doc_freq": 1272, "category": "名词", "x": 1.3523634672164917, "y": -4.63670539855957, "cluster": 1}, {"name": "战技", "value": 1528, "doc_freq": 1220, "category": "名词", "x": 0.9677442312240601, "y": -2.3565196990966797, "cluster": 1}, {"name": "拐", "value": 1492, "doc_freq": 1290, "category": "动词", "x": 1.7940424680709839, "y": -2.535867214202881, "cluster": 1}, {"name": "公式", "value": 1409, "doc_freq": 1164, "category": "名词", "x": 2.471909761428833, "y": -4.7061333656311035, "cluster": 1}, {"name": "翻滚", "value": 1391, "doc_freq": 1184, "category": "动词", "x": 3.307713270187378, "y": -2.917229175567627, "cluster": 1}, {"name": "枪法", "value": 1377, "doc_freq": 1162, "category": "名词", "x": -0.9510318040847778, "y": -2.7936673164367676, "cluster": 1}, {"name": "盾斧", "value": 1356, "doc_freq": 1181, "category": "名词", "x": -0.39022618532180786, "y": -2.9407660961151123, "cluster": 1}, {"name": "宏", "value": 1352, "doc_freq": 1164, "category": "名词", "x": 1.6361002922058105, "y": -4.743465900421143, "cluster": 1}, {"name": "回血", "value": 1336, "doc_freq": 1198, "category": "动词", "x": 5.225465297698975, "y": -0.9856475591659546, "cluster": 3}, {"name": "闪避", "value": 1309, "doc_freq": 1013, "category": "动词", "x": 1.5924437046051025, "y": -2.20145583152771, "cluster": 1}, {"name": "组队", "value": 1294, "doc_freq": 1192, "category": "动词", "x": 3.972111701965332, "y": -1.5148398876190186, "cluster": 1}, {"name": "单机游戏", "value": 1283, "doc_freq": 1193, "category": "名词", "x": 1.412238597869873, "y": -2.934662342071533, "cluster": 1}, {"name": "mvp", "value": 1242, "doc_freq": 1013, "category": "其他", "x": 2.4179627895355225, "y": -4.678429126739502, "cluster": 1}, {"name": "公会", "value": 1217, "doc_freq": 934, "category": "名词", "x": 4.951510429382324, "y": -0.8375476002693176, "cluster": 3}, {"name": "普攻", "value": 1205, "doc_freq": 986, "category": "名词", "x": 3.1916258335113525, "y": -2.4776105880737305, "cluster": 1}, {"name": "老板", "value": 1200, "doc_freq": 1075, "category": "名词", "x": 1.3451706171035767, "y": -2.710247755050659, "cluster": 1}, {"name": "dot", "value": 1200, "doc_freq": 932, "category": "其他", "x": 1.8873239755630493, "y": -3.3587229251861572, "cluster": 1}, {"name": "pve", "value": 1145, "doc_freq": 1037, "category": "其他", "x": -0.3993847072124481, "y": -2.923839807510376, "cluster": 1}, {"name": "入侵", "value": 1092, "doc_freq": 956, "category": "动词", "x": 1.2498979568481445, "y": -2.8583273887634277, "cluster": 1}, {"name": "取消", "value": 1083, "doc_freq": 994, "category": "动词", "x": 1.8048217296600342, "y": -2.7734923362731934, "cluster": 1}, {"name": "刺客", "value": 1064, "doc_freq": 929, "category": "名词", "x": 1.9866524934768677, "y": -2.080317497253418, "cluster": 1}, {"name": "ls", "value": 1056, "doc_freq": 942, "category": "其他", "x": 0.736478328704834, "y": -2.442246913909912, "cluster": 1}, {"name": "钟离", "value": 1044, "doc_freq": 896, "category": "名词", "x": 0.03918042406439781, "y": -3.360527753829956, "cluster": 1}, {"name": "结晶", "value": 997, "doc_freq": 846, "category": "名词", "x": 2.163844108581543, "y": -3.3046982288360596, "cluster": 1}, {"name": "中单", "value": 988, "doc_freq": 849, "category": "其他", "x": 0.2451939433813095, "y": -1.608781099319458, "cluster": 2}, {"name": "上单", "value": 986, "doc_freq": 880, "category": "其他", "x": 2.437314033508301, "y": -3.7736754417419434, "cluster": 1}, {"name": "附魔", "value": 981, "doc_freq": 789, "category": "名词", "x": 1.3380500078201294, "y": -4.02243185043335, "cluster": 1}, {"name": "双排", "value": 977, "doc_freq": 864, "category": "名词", "x": 0.9007923603057861, "y": -2.7152438163757324, "cluster": 1}, {"name": "外挂", "value": 949, "doc_freq": 797, "category": "名词", "x": 0.057929426431655884, "y": -4.526079177856445, "cluster": 1}, {"name": "逆风", "value": 911, "doc_freq": 778, "category": "名词", "x": 2.419724225997925, "y": -2.0683088302612305, "cluster": 1}, {"name": "pt", "value": 911, "doc_freq": 844, "category": "其他", "x": 4.095351696014404, "y": -1.3451240062713623, "cluster": 1}, {"name": "对枪", "value": 909, "doc_freq": 774, "category": "名词", "x": 1.4016764163970947, "y": -2.6338415145874023, "cluster": 1}, {"name": "兵线", "value": 895, "doc_freq": 666, "category": "名词", "x": 1.9127461910247803, "y": -2.041872262954712, "cluster": 1}, {"name": "gp", "value": 886, "doc_freq": 661, "category": "其他", "x": 4.642382621765137, "y": -1.3698534965515137, "cluster": 3}, {"name": "霸体", "value": 884, "doc_freq": 710, "category": "名词", "x": 0.521537184715271, "y": -2.167689085006714, "cluster": 1}, {"name": "开团", "value": 884, "doc_freq": 798, "category": "名词", "x": 3.2979862689971924, "y": -1.7120643854141235, "cluster": 1}, {"name": "gg", "value": 874, "doc_freq": 816, "category": "名词", "x": 3.272353172302246, "y": -2.2454893589019775, "cluster": 1}, {"name": "动作游戏", "value": 864, "doc_freq": 766, "category": "名词", "x": 2.0765552520751953, "y": -2.9247584342956543, "cluster": 1}, {"name": "判定", "value": 861, "doc_freq": 714, "category": "动词", "x": 3.368194580078125, "y": -2.0887844562530518, "cluster": 1}, {"name": "加点", "value": 857, "doc_freq": 789, "category": "名词", "x": -0.29508069157600403, "y": -4.5737762451171875, "cluster": 1}, {"name": "凹", "value": 854, "doc_freq": 711, "category": "名词", "x": 4.3706769943237305, "y": -1.2968648672103882, "cluster": 1}, {"name": "野外", "value": 847, "doc_freq": 751, "category": "其他", "x": 0.20142802596092224, "y": -2.6492152214050293, "cluster": 1}, {"name": "后摇", "value": 841, "doc_freq": 724, "category": "其他", "x": 0.9530953764915466, "y": -2.772775173187256, "cluster": 1}, {"name": "压枪", "value": 827, "doc_freq": 708, "category": "动词", "x": 1.295211911201477, "y": -2.3359193801879883, "cluster": 1}, {"name": "步枪", "value": 818, "doc_freq": 693, "category": "名词", "x": 1.967993140220642, "y": -4.3342766761779785, "cluster": 1}, {"name": "班尼特", "value": 790, "doc_freq": 670, "category": "名词", "x": 1.1374268531799316, "y": -3.141672372817993, "cluster": 1}, {"name": "拉扯", "value": 774, "doc_freq": 708, "category": "动词", "x": 4.505397796630859, "y": -1.6530743837356567, "cluster": 2}, {"name": "团战", "value": 766, "doc_freq": 670, "category": "名词", "x": 2.5770626068115234, "y": -4.562310695648193, "cluster": 1}, {"name": "重开", "value": 758, "doc_freq": 718, "category": "动词", "x": 2.4100990295410156, "y": -2.4978151321411133, "cluster": 1}, {"name": "背包", "value": 749, "doc_freq": 672, "category": "名词", "x": 2.2339110374450684, "y": -2.368361234664917, "cluster": 1}, {"name": "冲锋", "value": 747, "doc_freq": 642, "category": "动词", "x": 1.5769931077957153, "y": -2.738767147064209, "cluster": 1}, {"name": "腐败", "value": 726, "doc_freq": 529, "category": "形容词", "x": 0.8935770988464355, "y": -2.845283031463623, "cluster": 1}, {"name": "走位", "value": 724, "doc_freq": 660, "category": "名词", "x": 1.5703166723251343, "y": -2.99592661857605, "cluster": 1}, {"name": "aoe", "value": 699, "doc_freq": 625, "category": "其他", "x": 2.4095845222473145, "y": -3.069566249847412, "cluster": 1}, {"name": "站桩", "value": 695, "doc_freq": 535, "category": "名词", "x": 4.926501750946045, "y": -1.2039432525634766, "cluster": 3}, {"name": "仇恨", "value": 691, "doc_freq": 586, "category": "名词", "x": 0.3229391276836395, "y": -0.7132136821746826, "cluster": 2}, {"name": "捏脸", "value": 689, "doc_freq": 663, "category": "名词", "x": 0.5384402275085449, "y": -4.019227981567383, "cluster": 1}, {"name": "活跃", "value": 683, "doc_freq": 615, "category": "动词", "x": 2.47198224067688, "y": -3.3633811473846436, "cluster": 1}, {"name": "宠物", "value": 681, "doc_freq": 568, "category": "名词", "x": 3.8564951419830322, "y": -2.3478431701660156, "cluster": 1}, {"name": "拔刀", "value": 678, "doc_freq": 573, "category": "名词", "x": 2.5457210540771484, "y": -4.688632011413574, "cluster": 1}, {"name": "处决", "value": 677, "doc_freq": 552, "category": "动词", "x": 0.16326242685317993, "y": -4.28763484954834, "cluster": 1}, {"name": "片手", "value": 673, "doc_freq": 606, "category": "名词", "x": 1.2089577913284302, "y": -2.8403050899505615, "cluster": 1}, {"name": "数值膨胀", "value": 668, "doc_freq": 601, "category": "其他", "x": 3.0423004627227783, "y": -1.6993197202682495, "cluster": 1}, {"name": "通行证", "value": 655, "doc_freq": 593, "category": "名词", "x": 1.506064772605896, "y": -2.8628804683685303, "cluster": 1}, {"name": "香菱", "value": 655, "doc_freq": 540, "category": "名词", "x": 1.836240530014038, "y": -2.072072744369507, "cluster": 1}, {"name": "闪现", "value": 647, "doc_freq": 588, "category": "动词", "x": 3.3831536769866943, "y": -2.4664485454559326, "cluster": 1}, {"name": "练级", "value": 637, "doc_freq": 565, "category": "其他", "x": 2.616933822631836, "y": -2.522991895675659, "cluster": 1}, {"name": "小龙", "value": 637, "doc_freq": 554, "category": "名词", "x": 1.907484769821167, "y": -2.7634341716766357, "cluster": 1}, {"name": "残局", "value": 634, "doc_freq": 539, "category": "名词", "x": 2.959486722946167, "y": -2.687459707260132, "cluster": 1}, {"name": "支援", "value": 610, "doc_freq": 543, "category": "动词", "x": 2.6054303646087646, "y": -2.2733612060546875, "cluster": 1}, {"name": "养老", "value": 604, "doc_freq": 566, "category": "动词", "x": 0.21543070673942566, "y": -4.5135698318481445, "cluster": 1}, {"name": "开黑", "value": 603, "doc_freq": 577, "category": "动词", "x": 2.1793155670166016, "y": -3.1708295345306396, "cluster": 1}, {"name": "老鼠", "value": 574, "doc_freq": 513, "category": "名词", "x": 2.040964365005493, "y": -1.9144657850265503, "cluster": 1}, {"name": "包点", "value": 551, "doc_freq": 420, "category": "名词", "x": -0.20196102559566498, "y": -2.9450550079345703, "cluster": 1}, {"name": "立绘", "value": 541, "doc_freq": 476, "category": "动词", "x": 3.221189022064209, "y": -2.7632298469543457, "cluster": 1}, {"name": "闪光", "value": 538, "doc_freq": 484, "category": "名词", "x": 1.1066676378250122, "y": -3.4907639026641846, "cluster": 1}, {"name": "觉醒", "value": 534, "doc_freq": 381, "category": "动词", "x": 1.230126976966858, "y": -3.1350247859954834, "cluster": 1}, {"name": "速通", "value": 533, "doc_freq": 474, "category": "名词", "x": 2.654392957687378, "y": -1.6338826417922974, "cluster": 1}, {"name": "ace", "value": 533, "doc_freq": 506, "category": "其他", "x": 0.06389687955379486, "y": -0.45521292090415955, "cluster": 2}, {"name": "团长", "value": 529, "doc_freq": 467, "category": "名词", "x": 1.9318448305130005, "y": -3.223327398300171, "cluster": 1}, {"name": "mt", "value": 525, "doc_freq": 441, "category": "其他", "x": 2.273930311203003, "y": -2.723059892654419, "cluster": 1}, {"name": "afk", "value": 522, "doc_freq": 498, "category": "名词", "x": 1.0284292697906494, "y": -2.5284624099731445, "cluster": 0}, {"name": "回合制", "value": 518, "doc_freq": 462, "category": "名词", "x": 2.286850929260254, "y": -4.976945400238037, "cluster": 1}, {"name": "点位", "value": 511, "doc_freq": 449, "category": "名词", "x": 1.7889814376831055, "y": -3.68628191947937, "cluster": 1}, {"name": "喵喵", "value": 506, "doc_freq": 433, "category": "名词", "x": 2.2778573036193848, "y": -2.893683910369873, "cluster": 1}, {"name": "天堂", "value": 499, "doc_freq": 467, "category": "名词", "x": -0.5431209802627563, "y": -3.271390199661255, "cluster": 1}, {"name": "骑兵", "value": 495, "doc_freq": 407, "category": "名词", "x": 4.798477649688721, "y": -1.0069844722747803, "cluster": 3}, {"name": "上路", "value": 490, "doc_freq": 432, "category": "动词", "x": 1.8462334871292114, "y": -2.8503310680389404, "cluster": 1}, {"name": "游戏机", "value": 487, "doc_freq": 457, "category": "名词", "x": 0.25697121024131775, "y": -3.014169454574585, "cluster": 1}, {"name": "星声", "value": 480, "doc_freq": 438, "category": "名词", "x": 0.247990220785141, "y": -4.548572540283203, "cluster": 1}, {"name": "硬直", "value": 474, "doc_freq": 421, "category": "名词", "x": 1.4686698913574219, "y": -2.7862730026245117, "cluster": 1}, {"name": "掌机", "value": 467, "doc_freq": 408, "category": "名词", "x": 2.4778153896331787, "y": -4.131226539611816, "cluster": 1}, {"name": "gcd", "value": 462, "doc_freq": 358, "category": "其他", "x": 1.0220080614089966, "y": -2.365553855895996, "cluster": 1}, {"name": "彩蛋", "value": 460, "doc_freq": 430, "category": "名词", "x": -0.465067058801651, "y": -2.0438501834869385, "cluster": 1}, {"name": "前摇", "value": 450, "doc_freq": 405, "category": "其他", "x": 4.532997131347656, "y": -1.2793424129486084, "cluster": 1}, {"name": "高地", "value": 450, "doc_freq": 387, "category": "名词", "x": 3.7498931884765625, "y": -1.8967201709747314, "cluster": 1}, {"name": "刮痧", "value": 444, "doc_freq": 427, "category": "名词", "x": 1.5834933519363403, "y": -2.576927661895752, "cluster": 1}, {"name": "致敬", "value": 436, "doc_freq": 386, "category": "动词", "x": 0.9815109372138977, "y": -2.4300458431243896, "cluster": 1}, {"name": "顺风", "value": 428, "doc_freq": 394, "category": "名词", "x": 0.07467501610517502, "y": -4.051568508148193, "cluster": 1}, {"name": "月相", "value": 424, "doc_freq": 354, "category": "名词", "x": 4.425289154052734, "y": -1.9474403858184814, "cluster": 1}, {"name": "标点", "value": 421, "doc_freq": 398, "category": "名词", "x": 0.8308663964271545, "y": -3.406813144683838, "cluster": 1}, {"name": "探头", "value": 420, "doc_freq": 371, "category": "动词", "x": 5.31198787689209, "y": -0.9671433568000793, "cluster": 3}, {"name": "拉胯", "value": 417, "doc_freq": 394, "category": "名词", "x": 4.349599361419678, "y": -1.2787482738494873, "cluster": 1}, {"name": "甘雨", "value": 417, "doc_freq": 364, "category": "名词", "x": 0.5734269022941589, "y": -2.5963189601898193, "cluster": 4}, {"name": "老六", "value": 416, "doc_freq": 389, "category": "名词", "x": 0.2051863670349121, "y": -0.5538639426231384, "cluster": 2}, {"name": "背刺", "value": 411, "doc_freq": 383, "category": "动词", "x": 1.0119140148162842, "y": -0.7245765328407288, "cluster": 1}, {"name": "喷子", "value": 404, "doc_freq": 362, "category": "名词", "x": 0.5973414778709412, "y": -2.6650679111480713, "cluster": 1}, {"name": "融化", "value": 394, "doc_freq": 349, "category": "动词", "x": 4.9634246826171875, "y": -1.0877175331115723, "cluster": 3}, {"name": "改版", "value": 393, "doc_freq": 359, "category": "动词", "x": 4.900836944580078, "y": -0.8848171830177307, "cluster": 3}, {"name": "火力", "value": 376, "doc_freq": 347, "category": "名词", "x": 1.7443747520446777, "y": -2.2227725982666016, "cluster": 1}, {"name": "eco", "value": 365, "doc_freq": 356, "category": "名词", "x": -0.24918334186077118, "y": -3.505281448364258, "cluster": 1}, {"name": "生命值", "value": 365, "doc_freq": 280, "category": "名词", "x": 2.5926311016082764, "y": -2.750842809677124, "cluster": 1}, {"name": "冲锋枪", "value": 364, "doc_freq": 310, "category": "名词", "x": 1.3869620561599731, "y": -2.18916392326355, "cluster": 1}, {"name": "符文", "value": 352, "doc_freq": 287, "category": "名词", "x": 1.9108561277389526, "y": -2.7660412788391113, "cluster": 1}, {"name": "打点", "value": 346, "doc_freq": 334, "category": "名词", "x": 3.354919910430908, "y": -2.56648850440979, "cluster": 1}, {"name": "背板", "value": 341, "doc_freq": 299, "category": "名词", "x": 1.1103229522705078, "y": -3.304187059402466, "cluster": 1}, {"name": "fc", "value": 340, "doc_freq": 328, "category": "其他", "x": 2.8704833984375, "y": -2.835624933242798, "cluster": 1}, {"name": "小队", "value": 331, "doc_freq": 310, "category": "名词", "x": 4.772561073303223, "y": -1.0083712339401245, "cluster": 3}, {"name": "蒸发", "value": 330, "doc_freq": 295, "category": "动词", "x": 4.859233856201172, "y": -1.1608452796936035, "cluster": 3}, {"name": "加血", "value": 321, "doc_freq": 301, "category": "动词", "x": 2.171959161758423, "y": -2.267174243927002, "cluster": 1}, {"name": "航线", "value": 315, "doc_freq": 300, "category": "名词", "x": 0.6640931963920593, "y": -1.2228639125823975, "cluster": 2}, {"name": "捕获", "value": 305, "doc_freq": 271, "category": "动词", "x": -0.43769463896751404, "y": -4.586764812469482, "cluster": 1}, {"name": "魂系游戏", "value": 304, "doc_freq": 287, "category": "名词", "x": 3.131960153579712, "y": -3.383517026901245, "cluster": 1}, {"name": "团灭", "value": 304, "doc_freq": 276, "category": "动词", "x": 0.9629465937614441, "y": -3.4602270126342773, "cluster": 1}, {"name": "混子", "value": 297, "doc_freq": 261, "category": "名词", "x": 5.111739635467529, "y": -0.8810202479362488, "cluster": 3}, {"name": "修仙", "value": 297, "doc_freq": 261, "category": "动词", "x": -0.1674233078956604, "y": -4.726403713226318, "cluster": 1}, {"name": "hc", "value": 295, "doc_freq": 264, "category": "其他", "x": -0.5283719301223755, "y": -2.080214262008667, "cluster": 1}, {"name": "1v1", "value": 295, "doc_freq": 267, "category": "其他", "x": 3.32035493850708, "y": -3.4344236850738525, "cluster": 1}, {"name": "仓库", "value": 290, "doc_freq": 268, "category": "名词", "x": 1.4562280178070068, "y": -2.5187199115753174, "cluster": 1}, {"name": "演员", "value": 285, "doc_freq": 265, "category": "名词", "x": 0.486012727022171, "y": -3.3462088108062744, "cluster": 1}, {"name": "新手村", "value": 283, "doc_freq": 270, "category": "名词", "x": 0.6215006113052368, "y": -2.632817268371582, "cluster": 1}, {"name": "跳舞", "value": 283, "doc_freq": 274, "category": "动词", "x": 2.0936386585235596, "y": -4.633214950561523, "cluster": 1}, {"name": "翻车", "value": 280, "doc_freq": 256, "category": "动词", "x": 0.9436635971069336, "y": -3.2970829010009766, "cluster": 1}, {"name": "重启", "value": 279, "doc_freq": 265, "category": "动词", "x": 1.397669792175293, "y": -2.201751470565796, "cluster": 2}, {"name": "ost", "value": 279, "doc_freq": 266, "category": "名词", "x": 0.03368590027093887, "y": -2.719770669937134, "cluster": 1}, {"name": "rush", "value": 279, "doc_freq": 235, "category": "名词", "x": 1.180293083190918, "y": -3.433253049850464, "cluster": 1}, {"name": "回防", "value": 276, "doc_freq": 218, "category": "动词", "x": -0.5111621022224426, "y": -2.28706693649292, "cluster": 1}, {"name": "摩拉", "value": 275, "doc_freq": 226, "category": "名词", "x": 1.460209846496582, "y": -2.352971315383911, "cluster": 1}, {"name": "adc", "value": 274, "doc_freq": 248, "category": "其他", "x": -0.10295738279819489, "y": -2.7989323139190674, "cluster": 1}, {"name": "扩散", "value": 267, "doc_freq": 235, "category": "动词", "x": 1.9566705226898193, "y": -1.3368728160858154, "cluster": 1}, {"name": "带线", "value": 265, "doc_freq": 217, "category": "名词", "x": 2.702878475189209, "y": -1.580066442489624, "cluster": 1}, {"name": "资料片", "value": 263, "doc_freq": 231, "category": "名词", "x": -0.032042961567640305, "y": -3.139730453491211, "cluster": 1}, {"name": "射击游戏", "value": 261, "doc_freq": 242, "category": "名词", "x": 4.9885382652282715, "y": -0.9253519177436829, "cluster": 3}, {"name": "超载", "value": 254, "doc_freq": 233, "category": "动词", "x": 0.5785517692565918, "y": -2.6943182945251465, "cluster": 1}, {"name": "树脂", "value": 254, "doc_freq": 217, "category": "名词", "x": 2.1657257080078125, "y": -2.0019173622131348, "cluster": 1}, {"name": "fake", "value": 253, "doc_freq": 233, "category": "其他", "x": 2.2669544219970703, "y": -3.0621044635772705, "cluster": 1}, {"name": "打药", "value": 249, "doc_freq": 219, "category": "名词", "x": 1.3342434167861938, "y": -2.2700352668762207, "cluster": 1}, {"name": "奖杯", "value": 247, "doc_freq": 225, "category": "名词", "x": 2.5188791751861572, "y": -3.315033197402954, "cluster": 1}, {"name": "数值怪", "value": 245, "doc_freq": 235, "category": "名词", "x": 0.9150694012641907, "y": -5.317490100860596, "cluster": 1}, {"name": "重制", "value": 243, "doc_freq": 225, "category": "名词", "x": 0.11013293266296387, "y": -3.991060495376587, "cluster": 1}, {"name": "社交游戏", "value": 241, "doc_freq": 235, "category": "名词", "x": 1.9135178327560425, "y": -3.8638179302215576, "cluster": 1}, {"name": "补刀", "value": 241, "doc_freq": 206, "category": "名词", "x": -0.21738819777965546, "y": -3.087899684906006, "cluster": 1}, {"name": "精英怪", "value": 239, "doc_freq": 232, "category": "形容词", "x": 2.4890551567077637, "y": -2.0248565673828125, "cluster": 1}, {"name": "追击", "value": 237, "doc_freq": 206, "category": "动词", "x": 1.4687471389770508, "y": -3.5315685272216797, "cluster": 1}, {"name": "炎王龙", "value": 235, "doc_freq": 215, "category": "名词", "x": 2.4064955711364746, "y": -3.4305098056793213, "cluster": 1}, {"name": "划水", "value": 232, "doc_freq": 223, "category": "动词", "x": 2.126938819885254, "y": -2.5581817626953125, "cluster": 1}, {"name": "回城", "value": 231, "doc_freq": 185, "category": "名词", "x": 0.29426220059394836, "y": -3.206782341003418, "cluster": 1}, {"name": "hot", "value": 225, "doc_freq": 207, "category": "其他", "x": 4.212641716003418, "y": -2.4583871364593506, "cluster": 1}, {"name": "开放世界游戏", "value": 224, "doc_freq": 215, "category": "动词", "x": 3.1169519424438477, "y": -3.175548791885376, "cluster": 1}, {"name": "私服", "value": 222, "doc_freq": 209, "category": "名词", "x": 2.782313585281372, "y": -2.339456796646118, "cluster": 1}, {"name": "debuff", "value": 221, "doc_freq": 199, "category": "名词", "x": 1.4999960660934448, "y": -3.4851744174957275, "cluster": 1}, {"name": "最终boss", "value": 218, "doc_freq": 208, "category": "名词", "x": 2.0008485317230225, "y": -3.5981123447418213, "cluster": 1}, {"name": "大月卡", "value": 217, "doc_freq": 198, "category": "名词", "x": 2.906747817993164, "y": -2.498645544052124, "cluster": 1}, {"name": "打桩", "value": 215, "doc_freq": 191, "category": "动词", "x": 3.6513044834136963, "y": -2.1331405639648438, "cluster": 1}, {"name": "药水", "value": 214, "doc_freq": 191, "category": "名词", "x": 2.3564281463623047, "y": -2.380673885345459, "cluster": 1}, {"name": "封烟", "value": 211, "doc_freq": 179, "category": "名词", "x": 1.0308600664138794, "y": -2.0148184299468994, "cluster": 1}, {"name": "侦察兵", "value": 208, "doc_freq": 174, "category": "名词", "x": 4.931679725646973, "y": -0.8899903893470764, "cluster": 3}, {"name": "科技树", "value": 203, "doc_freq": 180, "category": "名词", "x": 1.5149874687194824, "y": -3.493324041366577, "cluster": 1}, {"name": "pk", "value": 202, "doc_freq": 197, "category": "名词", "x": 3.9428091049194336, "y": -2.3317129611968994, "cluster": 1}, {"name": "光环", "value": 195, "doc_freq": 180, "category": "名词", "x": 0.47404614090919495, "y": -1.3457367420196533, "cluster": 2}, {"name": "点券", "value": 193, "doc_freq": 163, "category": "名词", "x": 4.886122226715088, "y": -0.7545981407165527, "cluster": 3}, {"name": "背锅", "value": 189, "doc_freq": 176, "category": "名词", "x": 3.4242448806762695, "y": -2.747992753982544, "cluster": 1}, {"name": "扫射", "value": 188, "doc_freq": 165, "category": "动词", "x": 0.17305614054203033, "y": -0.694481372833252, "cluster": 2}, {"name": "扫荡", "value": 186, "doc_freq": 160, "category": "动词", "x": 1.841760277748108, "y": -2.3739490509033203, "cluster": 1}, {"name": "连击", "value": 186, "doc_freq": 163, "category": "动词", "x": 3.1491410732269287, "y": -1.579480528831482, "cluster": 1}, {"name": "游戏难度", "value": 182, "doc_freq": 175, "category": "名词", "x": 2.336054563522339, "y": -4.733089447021484, "cluster": 1}, {"name": "草丛", "value": 179, "doc_freq": 164, "category": "名词", "x": 4.226276874542236, "y": -1.4028632640838623, "cluster": 1}, {"name": "空投", "value": 178, "doc_freq": 141, "category": "动词", "x": 0.3431588113307953, "y": -1.8549020290374756, "cluster": 1}, {"name": "格斗游戏", "value": 176, "doc_freq": 158, "category": "名词", "x": 1.4969276189804077, "y": -3.9854896068573, "cluster": 1}, {"name": "冻结", "value": 171, "doc_freq": 151, "category": "动词", "x": 1.3502286672592163, "y": -1.8012522459030151, "cluster": 1}, {"name": "狗粮", "value": 171, "doc_freq": 147, "category": "名词", "x": 2.6530890464782715, "y": -2.4920482635498047, "cluster": 1}, {"name": "周常", "value": 169, "doc_freq": 155, "category": "名词", "x": 2.2196810245513916, "y": -3.185755968093872, "cluster": 1}, {"name": "酱油", "value": 167, "doc_freq": 164, "category": "名词", "x": 1.2689733505249023, "y": -3.552137851715088, "cluster": 1}, {"name": "卡bug", "value": 166, "doc_freq": 161, "category": "名词", "x": 0.7658956050872803, "y": -3.3557240962982178, "cluster": 1}, {"name": "大龙", "value": 159, "doc_freq": 133, "category": "名词", "x": 4.4406280517578125, "y": -1.5218133926391602, "cluster": 3}, {"name": "送人头", "value": 158, "doc_freq": 154, "category": "名词", "x": 0.16533420979976654, "y": -0.7944307923316956, "cluster": 2}, {"name": "清兵", "value": 156, "doc_freq": 144, "category": "名词", "x": 3.213608980178833, "y": -3.909438133239746, "cluster": 1}, {"name": "许愿", "value": 155, "doc_freq": 141, "category": "名词", "x": 1.2703016996383667, "y": -4.977277755737305, "cluster": 1}, {"name": "河道", "value": 154, "doc_freq": 138, "category": "名词", "x": 3.6144516468048096, "y": -2.667957305908203, "cluster": 1}, {"name": "拖时间", "value": 153, "doc_freq": 144, "category": "名词", "x": 1.7361984252929688, "y": -2.34627628326416, "cluster": 1}, {"name": "钢枪", "value": 153, "doc_freq": 135, "category": "名词", "x": 3.5356297492980957, "y": -1.9324774742126465, "cluster": 1}, {"name": "一波流", "value": 152, "doc_freq": 140, "category": "其他", "x": 0.943962037563324, "y": -3.657078742980957, "cluster": 1}, {"name": "galgame", "value": 151, "doc_freq": 143, "category": "其他", "x": -0.2536040246486664, "y": -4.35706090927124, "cluster": 1}, {"name": "和尚", "value": 150, "doc_freq": 125, "category": "名词", "x": 3.0497634410858154, "y": -3.132798194885254, "cluster": 1}, {"name": "fb", "value": 150, "doc_freq": 139, "category": "其他", "x": 2.5380098819732666, "y": -1.7316091060638428, "cluster": 1}, {"name": "rank", "value": 150, "doc_freq": 133, "category": "名词", "x": 5.084933280944824, "y": -0.7410287857055664, "cluster": 3}, {"name": "人品", "value": 145, "doc_freq": 139, "category": "名词", "x": -0.26329484581947327, "y": -3.5931756496429443, "cluster": 1}, {"name": "miss", "value": 145, "doc_freq": 140, "category": "其他", "x": 0.3639206886291504, "y": -3.8589630126953125, "cluster": 1}, {"name": "e技", "value": 144, "doc_freq": 140, "category": "名词", "x": 1.6634548902511597, "y": -4.785684585571289, "cluster": 1}, {"name": "硬控", "value": 143, "doc_freq": 140, "category": "动词", "x": 4.6706037521362305, "y": -1.3823765516281128, "cluster": 3}, {"name": "网络游戏", "value": 142, "doc_freq": 129, "category": "名词", "x": 0.41134437918663025, "y": -5.016605377197266, "cluster": 1}, {"name": "自机", "value": 142, "doc_freq": 135, "category": "名词", "x": 2.056178331375122, "y": -4.905135154724121, "cluster": 1}, {"name": "触手", "value": 139, "doc_freq": 134, "category": "名词", "x": 1.18413507938385, "y": -3.717954397201538, "cluster": 1}, {"name": "街机", "value": 136, "doc_freq": 123, "category": "名词", "x": 3.9625792503356934, "y": -2.98398494720459, "cluster": 1}, {"name": "电脑游戏", "value": 133, "doc_freq": 122, "category": "名词", "x": 0.198654904961586, "y": -0.5270522832870483, "cluster": 2}, {"name": "点射", "value": 129, "doc_freq": 113, "category": "动词", "x": 1.279829740524292, "y": -3.245105028152466, "cluster": 1}, {"name": "单抽", "value": 127, "doc_freq": 121, "category": "名词", "x": -0.9117677211761475, "y": -2.7909767627716064, "cluster": 1}, {"name": "牵制", "value": 127, "doc_freq": 108, "category": "动词", "x": 4.945966720581055, "y": -0.68125981092453, "cluster": 3}, {"name": "手机游戏", "value": 126, "doc_freq": 122, "category": "名词", "x": 0.16017518937587738, "y": -1.7458956241607666, "cluster": 1}, {"name": "电子竞技", "value": 126, "doc_freq": 123, "category": "名词", "x": 2.5323102474212646, "y": -2.45870304107666, "cluster": 1}, {"name": "苟分", "value": 121, "doc_freq": 113, "category": "其他", "x": 1.741811990737915, "y": -3.2602837085723877, "cluster": 1}, {"name": "刷图", "value": 119, "doc_freq": 102, "category": "名词", "x": 0.5525959134101868, "y": -2.025510549545288, "cluster": 1}, {"name": "感电", "value": 118, "doc_freq": 97, "category": "名词", "x": 2.1239678859710693, "y": -3.1420490741729736, "cluster": 1}, {"name": "b点", "value": 117, "doc_freq": 98, "category": "名词", "x": 2.1621503829956055, "y": -2.437683582305908, "cluster": 1}, {"name": "难民", "value": 115, "doc_freq": 108, "category": "名词", "x": 3.0959670543670654, "y": -3.9944231510162354, "cluster": 1}, {"name": "a点", "value": 113, "doc_freq": 100, "category": "名词", "x": 0.6544097661972046, "y": -2.0963706970214844, "cluster": 1}, {"name": "农民", "value": 111, "doc_freq": 94, "category": "名词", "x": 1.2409229278564453, "y": -3.6472504138946533, "cluster": 1}, {"name": "世界boss", "value": 108, "doc_freq": 106, "category": "名词", "x": 1.5222084522247314, "y": -3.548316717147827, "cluster": 1}, {"name": "航母", "value": 105, "doc_freq": 95, "category": "其他", "x": -0.35486698150634766, "y": -2.8517816066741943, "cluster": 1}, {"name": "大菠萝", "value": 102, "doc_freq": 96, "category": "名词", "x": 4.890425682067871, "y": -0.7675427794456482, "cluster": 3}, {"name": "堵桥", "value": 102, "doc_freq": 96, "category": "名词", "x": 4.930316925048828, "y": -1.4363194704055786, "cluster": 3}, {"name": "拆包", "value": 101, "doc_freq": 95, "category": "名词", "x": -0.22085867822170258, "y": -2.973050117492676, "cluster": 1}, {"name": "中毒", "value": 101, "doc_freq": 94, "category": "动词", "x": 4.759728908538818, "y": -1.2563776969909668, "cluster": 3}, {"name": "爆肝", "value": 99, "doc_freq": 98, "category": "名词", "x": 2.7746028900146484, "y": -1.6704682111740112, "cluster": 1}, {"name": "脱战", "value": 97, "doc_freq": 90, "category": "动词", "x": 0.2330145239830017, "y": -0.6193404793739319, "cluster": 2}, {"name": "解控", "value": 95, "doc_freq": 87, "category": "动词", "x": 1.1461843252182007, "y": -3.550628900527954, "cluster": 1}, {"name": "好感度", "value": 95, "doc_freq": 82, "category": "名词", "x": 0.9004531502723694, "y": -5.3027520179748535, "cluster": 1}, {"name": "投技", "value": 92, "doc_freq": 79, "category": "名词", "x": 0.07857222110033035, "y": -2.0294597148895264, "cluster": 1}, {"name": "玄学", "value": 91, "doc_freq": 85, "category": "名词", "x": 0.7145113348960876, "y": -0.4638004004955292, "cluster": 2}, {"name": "补兵", "value": 91, "doc_freq": 87, "category": "名词", "x": 1.9536510705947876, "y": -4.103034973144531, "cluster": 1}, {"name": "友军", "value": 90, "doc_freq": 88, "category": "名词", "x": 1.4144372940063477, "y": -2.108175754547119, "cluster": 1}, {"name": "策略游戏", "value": 90, "doc_freq": 81, "category": "名词", "x": 0.014152283780276775, "y": -0.37451186776161194, "cluster": 2}, {"name": "tas", "value": 90, "doc_freq": 89, "category": "其他", "x": 1.992590069770813, "y": -4.512506008148193, "cluster": 1}, {"name": "qwer", "value": 89, "doc_freq": 86, "category": "名词", "x": 2.574230194091797, "y": -3.173146963119507, "cluster": 1}, {"name": "空气墙", "value": 89, "doc_freq": 82, "category": "名词", "x": 0.08311963826417923, "y": -4.011997222900391, "cluster": 1}, {"name": "迅龙", "value": 89, "doc_freq": 81, "category": "名词", "x": 4.090549945831299, "y": -1.5600643157958984, "cluster": 1}, {"name": "受身", "value": 89, "doc_freq": 80, "category": "动词", "x": 3.0836873054504395, "y": -3.9689090251922607, "cluster": 1}, {"name": "联军", "value": 89, "doc_freq": 69, "category": "名词", "x": 2.918471574783325, "y": -3.406839609146118, "cluster": 1}, {"name": "锁血", "value": 88, "doc_freq": 84, "category": "动词", "x": 2.9457459449768066, "y": -2.006035804748535, "cluster": 1}, {"name": "pf", "value": 88, "doc_freq": 86, "category": "其他", "x": -0.5494101643562317, "y": -2.632984161376953, "cluster": 1}, {"name": "贝希摩斯", "value": 87, "doc_freq": 77, "category": "名词", "x": 5.254663467407227, "y": -0.6643339991569519, "cluster": 3}, {"name": "arg", "value": 86, "doc_freq": 82, "category": "名词", "x": 2.0814690589904785, "y": -4.4148077964782715, "cluster": 1}, {"name": "买断制游戏", "value": 85, "doc_freq": 80, "category": "名词", "x": 3.258145332336426, "y": -2.0094144344329834, "cluster": 1}, {"name": "天赋树", "value": 84, "doc_freq": 70, "category": "名词", "x": 3.766606330871582, "y": -1.1749461889266968, "cluster": 1}, {"name": "金甲", "value": 82, "doc_freq": 78, "category": "名词", "x": 0.33021432161331177, "y": -1.2899082899093628, "cluster": 2}, {"name": "立回", "value": 81, "doc_freq": 73, "category": "动词", "x": 1.6754790544509888, "y": -3.5151174068450928, "cluster": 1}, {"name": "构筑", "value": 79, "doc_freq": 67, "category": "动词", "x": 5.287991046905518, "y": -1.0999925136566162, "cluster": 3}, {"name": "沙包", "value": 78, "doc_freq": 78, "category": "名词", "x": 1.6644985675811768, "y": -2.2847394943237305, "cluster": 1}, {"name": "目押", "value": 76, "doc_freq": 69, "category": "动词", "x": 1.4289772510528564, "y": -4.062100887298584, "cluster": 1}, {"name": "跑刀", "value": 75, "doc_freq": 71, "category": "名词", "x": -0.04183650016784668, "y": -1.0679270029067993, "cluster": 2}, {"name": "雷达", "value": 74, "doc_freq": 70, "category": "名词", "x": 1.8651626110076904, "y": -3.2325503826141357, "cluster": 1}, {"name": "集结", "value": 73, "doc_freq": 72, "category": "动词", "x": 0.9455955028533936, "y": -0.7520687580108643, "cluster": 1}, {"name": "完成度", "value": 73, "doc_freq": 69, "category": "动词", "x": -0.9631245732307434, "y": -2.7666659355163574, "cluster": 1}, {"name": "恐怖游戏", "value": 72, "doc_freq": 71, "category": "名词", "x": 0.5949026942253113, "y": -4.143327713012695, "cluster": 1}, {"name": "神风", "value": 72, "doc_freq": 71, "category": "名词", "x": -0.5964003205299377, "y": -3.275836944580078, "cluster": 1}, {"name": "游戏策划", "value": 71, "doc_freq": 69, "category": "动词", "x": 2.538930654525757, "y": -3.118992328643799, "cluster": 1}, {"name": "awm", "value": 70, "doc_freq": 68, "category": "其他", "x": 4.62312650680542, "y": -0.8991991877555847, "cluster": 1}, {"name": "二段跳", "value": 69, "doc_freq": 61, "category": "其他", "x": 0.02068406715989113, "y": -4.080209732055664, "cluster": 1}, {"name": "日常任务", "value": 67, "doc_freq": 65, "category": "名词", "x": 0.20474502444267273, "y": -2.7878472805023193, "cluster": 2}, {"name": "天胡", "value": 67, "doc_freq": 64, "category": "名词", "x": -0.29533296823501587, "y": -4.5859293937683105, "cluster": 1}, {"name": "杂兵", "value": 66, "doc_freq": 57, "category": "名词", "x": 0.04578719288110733, "y": -0.4757446348667145, "cluster": 2}, {"name": "炎妃龙", "value": 65, "doc_freq": 59, "category": "名词", "x": 1.0760564804077148, "y": -3.9040210247039795, "cluster": 1}, {"name": "垃圾话", "value": 65, "doc_freq": 58, "category": "名词", "x": -0.3826450705528259, "y": -2.0363223552703857, "cluster": 1}, {"name": "poke", "value": 65, "doc_freq": 56, "category": "其他", "x": 2.391407012939453, "y": -2.764295816421509, "cluster": 1}, {"name": "偷跑", "value": 65, "doc_freq": 53, "category": "动词", "x": 2.4005320072174072, "y": -3.5764365196228027, "cluster": 1}, {"name": "游戏更新", "value": 65, "doc_freq": 64, "category": "名词", "x": 2.1841628551483154, "y": -4.93665885925293, "cluster": 1}, {"name": "龙信", "value": 64, "doc_freq": 62, "category": "名词", "x": 2.470651865005493, "y": -3.416524887084961, "cluster": 1}, {"name": "qte", "value": 64, "doc_freq": 58, "category": "名词", "x": 2.3952651023864746, "y": -5.090567588806152, "cluster": 1}, {"name": "空枪", "value": 64, "doc_freq": 60, "category": "名词", "x": -0.031330306082963943, "y": -3.039745569229126, "cluster": 1}, {"name": "gank", "value": 63, "doc_freq": 59, "category": "其他", "x": -0.12074889242649078, "y": -4.821517467498779, "cluster": 1}, {"name": "初见杀", "value": 63, "doc_freq": 57, "category": "动词", "x": 4.714649677276611, "y": -1.150292992591858, "cluster": 3}, {"name": "技能点", "value": 62, "doc_freq": 54, "category": "名词", "x": 0.6143016219139099, "y": -1.9168205261230469, "cluster": 1}, {"name": "海豹", "value": 62, "doc_freq": 60, "category": "名词", "x": 0.5721113681793213, "y": -0.5002195835113525, "cluster": 2}, {"name": "跳票", "value": 61, "doc_freq": 58, "category": "名词", "x": 1.3131928443908691, "y": -1.78269362449646, "cluster": 1}, {"name": "counter", "value": 60, "doc_freq": 59, "category": "其他", "x": 1.1868106126785278, "y": -4.058991432189941, "cluster": 1}, {"name": "连杀", "value": 60, "doc_freq": 58, "category": "动词", "x": 2.310147285461426, "y": -3.3242647647857666, "cluster": 1}, {"name": "刚枪", "value": 60, "doc_freq": 56, "category": "名词", "x": 1.832177996635437, "y": -3.187385082244873, "cluster": 1}, {"name": "经验值", "value": 58, "doc_freq": 44, "category": "名词", "x": 1.2922359704971313, "y": -3.5880513191223145, "cluster": 1}, {"name": "删号", "value": 58, "doc_freq": 58, "category": "名词", "x": 3.087984800338745, "y": -2.8411905765533447, "cluster": 1}, {"name": "剧情杀", "value": 55, "doc_freq": 54, "category": "名词", "x": 4.1982574462890625, "y": -2.39955735206604, "cluster": 1}, {"name": "偷家", "value": 55, "doc_freq": 55, "category": "名词", "x": 1.31973397731781, "y": -3.0856170654296875, "cluster": 1}, {"name": "妹控", "value": 54, "doc_freq": 50, "category": "动词", "x": -0.059627022594213486, "y": -3.1084060668945312, "cluster": 1}, {"name": "死亡惩罚", "value": 53, "doc_freq": 50, "category": "动词", "x": 1.873559594154358, "y": -3.3221547603607178, "cluster": 1}, {"name": "二次元手游", "value": 52, "doc_freq": 50, "category": "名词", "x": 1.9993650913238525, "y": -1.192125916481018, "cluster": 1}, {"name": "98k", "value": 52, "doc_freq": 45, "category": "名词", "x": 1.6309682130813599, "y": -2.1222283840179443, "cluster": 1}, {"name": "贝币", "value": 52, "doc_freq": 37, "category": "名词", "x": 3.2133092880249023, "y": -2.1846070289611816, "cluster": 1}, {"name": "1v5", "value": 52, "doc_freq": 48, "category": "其他", "x": 3.8910973072052, "y": -1.1796919107437134, "cluster": 1}, {"name": "卖队友", "value": 51, "doc_freq": 49, "category": "名词", "x": 1.797163486480713, "y": -1.5866063833236694, "cluster": 1}, {"name": "画饼", "value": 51, "doc_freq": 50, "category": "名词", "x": 2.40869402885437, "y": -1.4473179578781128, "cluster": 1}, {"name": "回音", "value": 51, "doc_freq": 51, "category": "名词", "x": 0.3177388608455658, "y": -4.478763103485107, "cluster": 1}, {"name": "dkp", "value": 50, "doc_freq": 47, "category": "其他", "x": 0.9226388335227966, "y": -1.9919633865356445, "cluster": 1}, {"name": "星级", "value": 49, "doc_freq": 49, "category": "其他", "x": 1.4587757587432861, "y": -3.3227310180664062, "cluster": 1}, {"name": "数值游戏", "value": 48, "doc_freq": 48, "category": "名词", "x": 2.5202949047088623, "y": -2.7134368419647217, "cluster": 1}, {"name": "红区", "value": 47, "doc_freq": 42, "category": "名词", "x": 1.737317681312561, "y": -3.977536201477051, "cluster": 1}, {"name": "埋伏", "value": 47, "doc_freq": 47, "category": "动词", "x": 0.5937463641166687, "y": -4.104324817657471, "cluster": 1}, {"name": "铺路", "value": 47, "doc_freq": 45, "category": "动词", "x": 4.260922431945801, "y": -1.6732171773910522, "cluster": 1}, {"name": "游戏地图", "value": 47, "doc_freq": 47, "category": "名词", "x": 2.8118045330047607, "y": -2.442293405532837, "cluster": 1}, {"name": "反伤", "value": 47, "doc_freq": 40, "category": "动词", "x": 2.5436673164367676, "y": -2.0330939292907715, "cluster": 1}, {"name": "甩狙", "value": 46, "doc_freq": 43, "category": "名词", "x": 1.9003139734268188, "y": -1.633528470993042, "cluster": 1}, {"name": "强起", "value": 45, "doc_freq": 41, "category": "动词", "x": -0.14329881966114044, "y": -4.485501766204834, "cluster": 1}, {"name": "复活点", "value": 44, "doc_freq": 43, "category": "名词", "x": -0.256051629781723, "y": -4.590653419494629, "cluster": 1}, {"name": "第九艺术", "value": 43, "doc_freq": 43, "category": "名词", "x": 3.3518030643463135, "y": -2.8016152381896973, "cluster": 1}, {"name": "战复", "value": 43, "doc_freq": 36, "category": "名词", "x": 2.830967903137207, "y": -2.9088237285614014, "cluster": 1}, {"name": "体术", "value": 42, "doc_freq": 38, "category": "名词", "x": 0.25812870264053345, "y": -2.626150131225586, "cluster": 2}, {"name": "金手指", "value": 41, "doc_freq": 39, "category": "名词", "x": 4.867505073547363, "y": -1.1879675388336182, "cluster": 3}, {"name": "微操", "value": 41, "doc_freq": 41, "category": "名词", "x": 1.176987648010254, "y": -3.525118827819824, "cluster": 1}, {"name": "q技", "value": 41, "doc_freq": 38, "category": "名词", "x": 1.8684674501419067, "y": -3.5444447994232178, "cluster": 1}, {"name": "隐藏boss", "value": 41, "doc_freq": 40, "category": "名词", "x": 0.9326695799827576, "y": -2.8248844146728516, "cluster": 1}, {"name": "eco局", "value": 41, "doc_freq": 40, "category": "名词", "x": 5.108333110809326, "y": -0.8324106335639954, "cluster": 3}, {"name": "角色扮演游戏", "value": 40, "doc_freq": 38, "category": "名词", "x": 1.4403045177459717, "y": -1.8480148315429688, "cluster": 1}, {"name": "save", "value": 40, "doc_freq": 39, "category": "其他", "x": 0.7514580488204956, "y": -1.6309466361999512, "cluster": 2}, {"name": "反清", "value": 38, "doc_freq": 37, "category": "动词", "x": 1.7095438241958618, "y": -2.1705076694488525, "cluster": 1}, {"name": "超导", "value": 37, "doc_freq": 33, "category": "其他", "x": 1.928496241569519, "y": -1.6662970781326294, "cluster": 1}, {"name": "黄圈", "value": 37, "doc_freq": 33, "category": "名词", "x": 1.8794995546340942, "y": -3.9868743419647217, "cluster": 1}, {"name": "锁区", "value": 37, "doc_freq": 36, "category": "名词", "x": 0.3967508375644684, "y": -0.17646251618862152, "cluster": 2}, {"name": "国战", "value": 36, "doc_freq": 35, "category": "名词", "x": 1.0861560106277466, "y": -1.844266653060913, "cluster": 1}, {"name": "强杀", "value": 36, "doc_freq": 36, "category": "动词", "x": 3.2939276695251465, "y": -1.1770637035369873, "cluster": 1}, {"name": "hud", "value": 35, "doc_freq": 30, "category": "其他", "x": -0.08198907971382141, "y": -4.397563457489014, "cluster": 1}, {"name": "张大仙", "value": 35, "doc_freq": 34, "category": "名词", "x": 2.084193706512451, "y": -2.6848177909851074, "cluster": 1}, {"name": "连线", "value": 35, "doc_freq": 35, "category": "名词", "x": 0.8584864139556885, "y": -2.102130174636841, "cluster": 2}, {"name": "梦幻联动", "value": 34, "doc_freq": 34, "category": "动词", "x": 0.8698652982711792, "y": -2.816011667251587, "cluster": 1}, {"name": "冒险游戏", "value": 33, "doc_freq": 33, "category": "动词", "x": 3.785637140274048, "y": -1.6651965379714966, "cluster": 1}, {"name": "快攻", "value": 33, "doc_freq": 31, "category": "名词", "x": 2.490769386291504, "y": -1.780103325843811, "cluster": 1}, {"name": "占点", "value": 33, "doc_freq": 33, "category": "名词", "x": 5.147767066955566, "y": -1.0700387954711914, "cluster": 3}, {"name": "夹击", "value": 33, "doc_freq": 32, "category": "动词", "x": 3.8212368488311768, "y": -1.0951347351074219, "cluster": 1}, {"name": "c点", "value": 32, "doc_freq": 25, "category": "名词", "x": 3.0426220893859863, "y": -2.4086644649505615, "cluster": 1}, {"name": "核潜艇", "value": 32, "doc_freq": 29, "category": "名词", "x": 1.831924557685852, "y": -2.0932202339172363, "cluster": 1}, {"name": "反蹲", "value": 32, "doc_freq": 29, "category": "动词", "x": 2.2907214164733887, "y": -5.069127559661865, "cluster": 1}, {"name": "回归奖励", "value": 31, "doc_freq": 31, "category": "动词", "x": -0.1441197693347931, "y": -4.274055480957031, "cluster": 1}, {"name": "清点", "value": 31, "doc_freq": 31, "category": "名词", "x": 0.20230823755264282, "y": -2.755117416381836, "cluster": 1}, {"name": "电脑玩家", "value": 30, "doc_freq": 30, "category": "名词", "x": 5.062470436096191, "y": -0.9501345157623291, "cluster": 3}, {"name": "游戏道具", "value": 30, "doc_freq": 30, "category": "名词", "x": 1.5264520645141602, "y": -4.160065650939941, "cluster": 1}, {"name": "秘籍", "value": 30, "doc_freq": 28, "category": "名词", "x": 0.9266837239265442, "y": -4.262470722198486, "cluster": 1}, {"name": "必杀技", "value": 29, "doc_freq": 25, "category": "名词", "x": 3.0301759243011475, "y": -3.410311460494995, "cluster": 1}, {"name": "抢人头", "value": 29, "doc_freq": 29, "category": "名词", "x": 0.8109053373336792, "y": -3.4244062900543213, "cluster": 1}, {"name": "apc", "value": 28, "doc_freq": 28, "category": "其他", "x": -0.5685528516769409, "y": -2.1384241580963135, "cluster": 1}, {"name": "lyb", "value": 27, "doc_freq": 26, "category": "其他", "x": 1.745858907699585, "y": -1.550054907798767, "cluster": 1}, {"name": "潜入", "value": 27, "doc_freq": 27, "category": "动词", "x": 2.6658005714416504, "y": -3.532020092010498, "cluster": 1}, {"name": "imba", "value": 26, "doc_freq": 26, "category": "名词", "x": 1.6499029397964478, "y": -4.732323169708252, "cluster": 1}, {"name": "游戏cg", "value": 26, "doc_freq": 25, "category": "名词", "x": 0.39525389671325684, "y": -3.518670082092285, "cluster": 1}, {"name": "安定", "value": 25, "doc_freq": 25, "category": "形容词", "x": 0.23503422737121582, "y": -0.6871929168701172, "cluster": 2}, {"name": "玩家角色", "value": 25, "doc_freq": 24, "category": "名词", "x": 2.013948917388916, "y": -1.2601323127746582, "cluster": 1}, {"name": "裸装", "value": 25, "doc_freq": 25, "category": "名词", "x": 1.708613634109497, "y": -3.055265426635742, "cluster": 1}, {"name": "o本", "value": 24, "doc_freq": 24, "category": "名词", "x": 2.247086763381958, "y": -3.6927099227905273, "cluster": 1}, {"name": "子机", "value": 24, "doc_freq": 24, "category": "名词", "x": 4.285826206207275, "y": -2.1618683338165283, "cluster": 1}, {"name": "渠道服", "value": 24, "doc_freq": 24, "category": "名词", "x": 4.4832329750061035, "y": -2.005636215209961, "cluster": 1}, {"name": "buy", "value": 23, "doc_freq": 23, "category": "其他", "x": 5.0744781494140625, "y": -0.8535658121109009, "cluster": 3}, {"name": "亮血条", "value": 23, "doc_freq": 22, "category": "名词", "x": 1.2988123893737793, "y": -4.585718631744385, "cluster": 1}, {"name": "换皮游戏", "value": 23, "doc_freq": 23, "category": "动词", "x": 1.0072364807128906, "y": -1.773897409439087, "cluster": 1}, {"name": "内容游戏", "value": 22, "doc_freq": 21, "category": "名词", "x": 2.85324764251709, "y": -1.7263553142547607, "cluster": 1}, {"name": "瞬狙", "value": 22, "doc_freq": 22, "category": "名词", "x": 1.118207335472107, "y": -2.054668426513672, "cluster": 1}, {"name": "放血", "value": 22, "doc_freq": 21, "category": "动词", "x": 0.7274969220161438, "y": -4.030536651611328, "cluster": 1}, {"name": "flag", "value": 22, "doc_freq": 22, "category": "名词", "x": 3.4289603233337402, "y": -1.7026472091674805, "cluster": 1}, {"name": "听声辨位", "value": 21, "doc_freq": 21, "category": "名词", "x": 1.6934726238250732, "y": -3.6585559844970703, "cluster": 1}, {"name": "升龙拳", "value": 21, "doc_freq": 18, "category": "动词", "x": 3.157068967819214, "y": -2.9044976234436035, "cluster": 1}, {"name": "游戏服务器", "value": 21, "doc_freq": 20, "category": "名词", "x": 3.3055436611175537, "y": -2.2748665809631348, "cluster": 1}, {"name": "抢点", "value": 21, "doc_freq": 19, "category": "名词", "x": 0.7114707231521606, "y": -3.09818696975708, "cluster": 1}, {"name": "重振", "value": 19, "doc_freq": 19, "category": "动词", "x": 4.523425579071045, "y": -2.0460476875305176, "cluster": 1}, {"name": "塔防游戏", "value": 19, "doc_freq": 18, "category": "名词", "x": 2.1328117847442627, "y": -4.828155517578125, "cluster": 1}, {"name": "驱逐舰", "value": 18, "doc_freq": 15, "category": "名词", "x": 0.14403985440731049, "y": -1.2390681505203247, "cluster": 2}, {"name": "模拟游戏", "value": 18, "doc_freq": 18, "category": "名词", "x": 2.321099042892456, "y": -2.601457118988037, "cluster": 1}, {"name": "游戏任务", "value": 17, "doc_freq": 17, "category": "名词", "x": 4.392006874084473, "y": -1.2335054874420166, "cluster": 1}, {"name": "招架", "value": 17, "doc_freq": 15, "category": "动词", "x": 2.904182195663452, "y": -2.2193071842193604, "cluster": 1}, {"name": "hyper", "value": 17, "doc_freq": 17, "category": "其他", "x": 1.166650414466858, "y": -2.3355228900909424, "cluster": 1}, {"name": "a技", "value": 16, "doc_freq": 15, "category": "名词", "x": 4.096410274505615, "y": -1.9799768924713135, "cluster": 1}, {"name": "单奶", "value": 16, "doc_freq": 14, "category": "名词", "x": 2.8179824352264404, "y": -2.4270858764648438, "cluster": 1}, {"name": "种族天赋", "value": 16, "doc_freq": 16, "category": "名词", "x": 2.2814531326293945, "y": -1.4803085327148438, "cluster": 1}, {"name": "瞬狱杀", "value": 16, "doc_freq": 13, "category": "动词", "x": 0.5767319202423096, "y": -1.1304049491882324, "cluster": 2}, {"name": "红瓶", "value": 16, "doc_freq": 16, "category": "名词", "x": 0.06580130755901337, "y": -0.3683243691921234, "cluster": 2}, {"name": "金魂玉", "value": 16, "doc_freq": 15, "category": "名词", "x": 0.3648882806301117, "y": -3.04626727104187, "cluster": 1}, {"name": "网页游戏", "value": 15, "doc_freq": 15, "category": "名词", "x": -0.2897658348083496, "y": -4.705733776092529, "cluster": 1}, {"name": "服务型游戏", "value": 15, "doc_freq": 15, "category": "名词", "x": 2.4605164527893066, "y": -3.056243419647217, "cluster": 1}, {"name": "平台游戏", "value": 15, "doc_freq": 15, "category": "名词", "x": 2.46106219291687, "y": -5.159275054931641, "cluster": 1}, {"name": "视觉小说", "value": 15, "doc_freq": 15, "category": "名词", "x": 0.4483134150505066, "y": -2.2767879962921143, "cluster": 1}, {"name": "游戏视角", "value": 15, "doc_freq": 15, "category": "名词", "x": 1.410882592201233, "y": -1.86007559299469, "cluster": 1}, {"name": "无限弹药", "value": 15, "doc_freq": 15, "category": "名词", "x": 2.3641457557678223, "y": -1.8750814199447632, "cluster": 1}, {"name": "十里坡剑神", "value": 15, "doc_freq": 15, "category": "其他", "x": 2.841109037399292, "y": -1.68276047706604, "cluster": 1}, {"name": "m416", "value": 14, "doc_freq": 14, "category": "其他", "x": -0.4290050268173218, "y": -2.9275190830230713, "cluster": 1}, {"name": "r闪", "value": 14, "doc_freq": 14, "category": "名词", "x": 3.566197156906128, "y": -1.3675493001937866, "cluster": 1}, {"name": "装备强化", "value": 14, "doc_freq": 14, "category": "动词", "x": 2.2841122150421143, "y": -4.721187591552734, "cluster": 1}, {"name": "调谐器", "value": 14, "doc_freq": 12, "category": "名词", "x": 2.7425248622894287, "y": -3.0376133918762207, "cluster": 1}, {"name": "本地化", "value": 13, "doc_freq": 12, "category": "动词", "x": 2.69783353805542, "y": -4.299426078796387, "cluster": 1}, {"name": "像素游戏", "value": 13, "doc_freq": 13, "category": "名词", "x": 1.6272287368774414, "y": -4.2430338859558105, "cluster": 1}, {"name": "无伤通关", "value": 13, "doc_freq": 13, "category": "动词", "x": 4.637556076049805, "y": -0.7283183336257935, "cluster": 3}, {"name": "ot了", "value": 13, "doc_freq": 13, "category": "其他", "x": -0.11967641115188599, "y": -2.7021143436431885, "cluster": 1}, {"name": "狗洞", "value": 13, "doc_freq": 13, "category": "名词", "x": 0.5775148272514343, "y": -2.3908157348632812, "cluster": 1}, {"name": "游戏技能", "value": 12, "doc_freq": 12, "category": "名词", "x": 2.671194076538086, "y": -4.326436996459961, "cluster": 1}, {"name": "连振", "value": 12, "doc_freq": 12, "category": "名词", "x": 0.8354653716087341, "y": -1.7090917825698853, "cluster": 2}, {"name": "完美通关", "value": 11, "doc_freq": 11, "category": "动词", "x": 0.8789471983909607, "y": -3.8217968940734863, "cluster": 1}, {"name": "亡语", "value": 11, "doc_freq": 10, "category": "其他", "x": 0.6235970258712769, "y": -2.538059949874878, "cluster": 1}, {"name": "增援", "value": 11, "doc_freq": 9, "category": "动词", "x": 1.2050671577453613, "y": -3.593019962310791, "cluster": 1}, {"name": "boss rush", "value": 11, "doc_freq": 11, "category": "其他", "x": -0.0814293846487999, "y": -3.097019910812378, "cluster": 1}, {"name": "安包", "value": 11, "doc_freq": 9, "category": "名词", "x": 2.199611186981201, "y": -1.4639215469360352, "cluster": 1}, {"name": "孙笨", "value": 11, "doc_freq": 11, "category": "名词", "x": 0.4844074249267578, "y": -3.6871583461761475, "cluster": 1}, {"name": "抬枪", "value": 10, "doc_freq": 10, "category": "动词", "x": 5.181258678436279, "y": -1.011459469795227, "cluster": 3}, {"name": "快速战斗", "value": 10, "doc_freq": 6, "category": "动词", "x": 1.7343946695327759, "y": -4.179313659667969, "cluster": 1}, {"name": "apm", "value": 10, "doc_freq": 9, "category": "其他", "x": -0.9445996284484863, "y": -2.8196017742156982, "cluster": 1}, {"name": "稀有度", "value": 10, "doc_freq": 10, "category": "名词", "x": 0.061865340918302536, "y": -0.8675471544265747, "cluster": 2}, {"name": "jungle", "value": 10, "doc_freq": 10, "category": "其他", "x": -0.04297750070691109, "y": -2.248192071914673, "cluster": 1}, {"name": "卖血", "value": 10, "doc_freq": 7, "category": "动词", "x": 4.322545528411865, "y": -1.5016553401947021, "cluster": 1}, {"name": "师徒系统", "value": 10, "doc_freq": 10, "category": "名词", "x": 1.8258076906204224, "y": -1.7370636463165283, "cluster": 1}, {"name": "cd装", "value": 10, "doc_freq": 10, "category": "名词", "x": 3.2038137912750244, "y": -3.344782590866089, "cluster": 1}, {"name": "rush b", "value": 10, "doc_freq": 10, "category": "名词", "x": 2.812532424926758, "y": -3.128308057785034, "cluster": 1}, {"name": "换家", "value": 10, "doc_freq": 10, "category": "名词", "x": 4.4474382400512695, "y": -1.334128499031067, "cluster": 1}, {"name": "出勤", "value": 10, "doc_freq": 10, "category": "动词", "x": 1.6576859951019287, "y": -4.446184158325195, "cluster": 1}, {"name": "即时战略游戏", "value": 9, "doc_freq": 9, "category": "名词", "x": 0.050201281905174255, "y": -0.4839570224285126, "cluster": 2}, {"name": "临时工", "value": 9, "doc_freq": 9, "category": "名词", "x": 5.262031078338623, "y": -0.8310430645942688, "cluster": 3}, {"name": "益智游戏", "value": 9, "doc_freq": 9, "category": "名词", "x": 0.8469274044036865, "y": -5.287525653839111, "cluster": 1}, {"name": "计生", "value": 9, "doc_freq": 9, "category": "其他", "x": 1.0550694465637207, "y": -2.099260091781616, "cluster": 1}, {"name": "波动拳", "value": 9, "doc_freq": 9, "category": "名词", "x": 5.1754865646362305, "y": -0.6590081453323364, "cluster": 3}, {"name": "黄金期", "value": 9, "doc_freq": 9, "category": "名词", "x": 3.1109237670898438, "y": -3.558664321899414, "cluster": 1}, {"name": "怒气值", "value": 8, "doc_freq": 7, "category": "名词", "x": -0.22594965994358063, "y": -3.5172231197357178, "cluster": 1}, {"name": "仇恨值", "value": 8, "doc_freq": 8, "category": "名词", "x": 0.9783278107643127, "y": -4.493659019470215, "cluster": 1}, {"name": "小圈圈", "value": 8, "doc_freq": 4, "category": "名词", "x": 0.37911704182624817, "y": -3.6138980388641357, "cluster": 1}, {"name": "bpm", "value": 8, "doc_freq": 8, "category": "其他", "x": 3.47463059425354, "y": -1.1498658657073975, "cluster": 1}, {"name": "放卫星", "value": 8, "doc_freq": 8, "category": "动词", "x": 0.42735785245895386, "y": -1.7746199369430542, "cluster": 2}, {"name": "欧提", "value": 8, "doc_freq": 8, "category": "名词", "x": -1.020046353340149, "y": -2.7824227809906006, "cluster": 1}, {"name": "放置游戏", "value": 7, "doc_freq": 7, "category": "动词", "x": 1.460595965385437, "y": -1.532589077949524, "cluster": 1}, {"name": "土豆服务器", "value": 7, "doc_freq": 5, "category": "名词", "x": 4.972292423248291, "y": -1.1042383909225464, "cluster": 3}, {"name": "动作冒险游戏", "value": 7, "doc_freq": 7, "category": "名词", "x": 1.966054081916809, "y": -1.1581594944000244, "cluster": 1}, {"name": "元素属性", "value": 7, "doc_freq": 7, "category": "名词", "x": 1.5485031604766846, "y": -1.467492938041687, "cluster": 1}, {"name": "闪人", "value": 7, "doc_freq": 7, "category": "名词", "x": 0.22069315612316132, "y": -1.8863064050674438, "cluster": 2}, {"name": "老虎机", "value": 7, "doc_freq": 7, "category": "名词", "x": 5.068691730499268, "y": -0.6059517860412598, "cluster": 3}, {"name": "当身", "value": 7, "doc_freq": 7, "category": "动词", "x": 0.19607801735401154, "y": -1.8127089738845825, "cluster": 1}, {"name": "精神续作", "value": 7, "doc_freq": 7, "category": "名词", "x": -0.24487802386283875, "y": -4.717761039733887, "cluster": 1}, {"name": "变速", "value": 6, "doc_freq": 6, "category": "动词", "x": 0.8540394306182861, "y": -2.16973614692688, "cluster": 1}, {"name": "秃子", "value": 6, "doc_freq": 5, "category": "名词", "x": 4.399306774139404, "y": -2.1331279277801514, "cluster": 1}, {"name": "战争迷雾", "value": 6, "doc_freq": 6, "category": "名词", "x": 0.9155932664871216, "y": -1.8236796855926514, "cluster": 1}, {"name": "bad end", "value": 6, "doc_freq": 6, "category": "其他", "x": 3.387859582901001, "y": -3.374624490737915, "cluster": 1}, {"name": "体感游戏", "value": 5, "doc_freq": 5, "category": "名词", "x": 2.2368175983428955, "y": -3.8044230937957764, "cluster": 1}, {"name": "堆尸", "value": 5, "doc_freq": 5, "category": "名词", "x": 4.289710521697998, "y": -2.4828710556030273, "cluster": 1}, {"name": "卖头", "value": 5, "doc_freq": 4, "category": "名词", "x": 2.1560001373291016, "y": -2.3146703243255615, "cluster": 1}, {"name": "家用机", "value": 5, "doc_freq": 5, "category": "名词", "x": 2.7508251667022705, "y": -3.669992446899414, "cluster": 1}, {"name": "游戏测试", "value": 5, "doc_freq": 5, "category": "动词", "x": 3.957246780395508, "y": -3.002859354019165, "cluster": 1}, {"name": "游戏代理", "value": 5, "doc_freq": 5, "category": "动词", "x": 1.3706270456314087, "y": -1.391431450843811, "cluster": 1}, {"name": "兵棋", "value": 4, "doc_freq": 4, "category": "名词", "x": 2.9634151458740234, "y": -2.4240128993988037, "cluster": 1}, {"name": "动态难度", "value": 4, "doc_freq": 4, "category": "名词", "x": 0.15752997994422913, "y": -3.2951853275299072, "cluster": 1}, {"name": "帧伤", "value": 4, "doc_freq": 4, "category": "名词", "x": 1.4562482833862305, "y": -1.7439693212509155, "cluster": 1}, {"name": "cd流", "value": 4, "doc_freq": 4, "category": "其他", "x": 2.0831851959228516, "y": -3.7458407878875732, "cluster": 1}, {"name": "开发票", "value": 4, "doc_freq": 4, "category": "名词", "x": 3.0511364936828613, "y": -4.043928146362305, "cluster": 1}, {"name": "通渠", "value": 4, "doc_freq": 4, "category": "名词", "x": 3.2464776039123535, "y": -2.890763282775879, "cluster": 1}, {"name": "背版", "value": 4, "doc_freq": 4, "category": "名词", "x": 0.29977330565452576, "y": -1.8558504581451416, "cluster": 1}, {"name": "跳箱", "value": 4, "doc_freq": 3, "category": "名词", "x": 3.8702211380004883, "y": -2.9604339599609375, "cluster": 1}, {"name": "飞行道具", "value": 3, "doc_freq": 3, "category": "名词", "x": 0.11657454073429108, "y": -0.9323998093605042, "cluster": 2}, {"name": "伪3d", "value": 3, "doc_freq": 3, "category": "其他", "x": -0.24393565952777863, "y": -4.355092525482178, "cluster": 1}, {"name": "呼吸回血", "value": 3, "doc_freq": 3, "category": "其他", "x": 0.492008239030838, "y": -3.0258283615112305, "cluster": 1}, {"name": "修甲", "value": 3, "doc_freq": 3, "category": "名词", "x": 3.64607834815979, "y": -2.3558056354522705, "cluster": 1}, {"name": "游戏新作", "value": 3, "doc_freq": 3, "category": "名词", "x": 5.135887622833252, "y": -0.9300311207771301, "cluster": 3}, {"name": "爆机", "value": 3, "doc_freq": 3, "category": "名词", "x": 0.744847297668457, "y": -1.4367969036102295, "cluster": 2}, {"name": "ctd", "value": 3, "doc_freq": 3, "category": "其他", "x": 0.9967819452285767, "y": -3.896230459213257, "cluster": 1}, {"name": "少女卷轴", "value": 3, "doc_freq": 3, "category": "名词", "x": 2.988736867904663, "y": -1.8282651901245117, "cluster": 1}, {"name": "好走不送", "value": 2, "doc_freq": 2, "category": "动词", "x": 0.020561300218105316, "y": -2.672203302383423, "cluster": 1}, {"name": "全年龄游戏", "value": 2, "doc_freq": 2, "category": "名词", "x": 2.296154737472534, "y": -1.188902497291565, "cluster": 1}, {"name": "拓荒者", "value": 2, "doc_freq": 2, "category": "名词", "x": -0.09181451052427292, "y": -0.9008270502090454, "cluster": 1}, {"name": "反人类游戏", "value": 2, "doc_freq": 2, "category": "名词", "x": 0.30320990085601807, "y": -2.2215230464935303, "cluster": 1}, {"name": "情怀游戏", "value": 2, "doc_freq": 2, "category": "名词", "x": -0.4162335991859436, "y": -2.921508312225342, "cluster": 1}, {"name": "半开放世界", "value": 2, "doc_freq": 2, "category": "名词", "x": 4.624104022979736, "y": -1.5681596994400024, "cluster": 1}, {"name": "经济局", "value": 2, "doc_freq": 2, "category": "名词", "x": 2.559352159500122, "y": -4.3411383628845215, "cluster": 1}, {"name": "mgp", "value": 2, "doc_freq": 2, "category": "其他", "x": 2.6841042041778564, "y": -1.561785101890564, "cluster": 1}, {"name": "ct家", "value": 2, "doc_freq": 2, "category": "名词", "x": 2.0270159244537354, "y": -4.659128189086914, "cluster": 1}, {"name": "差合", "value": 2, "doc_freq": 2, "category": "名词", "x": 0.7920328974723816, "y": -1.6725690364837646, "cluster": 1}, {"name": "全连", "value": 2, "doc_freq": 2, "category": "名词", "x": 0.6645639538764954, "y": -3.519420623779297, "cluster": 1}, {"name": "全押", "value": 2, "doc_freq": 2, "category": "名词", "x": 1.2001169919967651, "y": -1.9772526025772095, "cluster": 1}, {"name": "反向q", "value": 2, "doc_freq": 2, "category": "动词", "x": -0.10128963738679886, "y": -3.461944103240967, "cluster": 1}, {"name": "一代补丁一代神", "value": 1, "doc_freq": 1, "category": "名词", "x": 4.802604675292969, "y": -1.6024352312088013, "cluster": 1}, {"name": "elo算法", "value": 1, "doc_freq": 1, "category": "名词", "x": 1.8074424266815186, "y": -4.055168628692627, "cluster": 1}, {"name": "互动式电影", "value": 1, "doc_freq": 1, "category": "名词", "x": 1.8131433725357056, "y": -4.209100246429443, "cluster": 1}, {"name": "可控角色", "value": 1, "doc_freq": 1, "category": "名词", "x": -0.17981083691120148, "y": -4.44215726852417, "cluster": 1}, {"name": "一骑讨", "value": 1, "doc_freq": 1, "category": "其他", "x": 4.6909613609313965, "y": -1.2212679386138916, "cluster": 3}, {"name": "代码杀", "value": 1, "doc_freq": 1, "category": "动词", "x": 1.9201604127883911, "y": -2.575167417526245, "cluster": 1}, {"name": "good end", "value": 1, "doc_freq": 1, "category": "其他", "x": 2.2760238647460938, "y": -3.5390732288360596, "cluster": 1}, {"name": "clutch", "value": 1, "doc_freq": 1, "category": "其他", "x": 4.523532390594482, "y": -1.588413953781128, "cluster": 1}]