[{"source": "冲锋", "target": "冲锋枪", "value": 0.38701622971285893, "cooc": 310}, {"source": "ot", "target": "dot", "value": 0.2675086107921929, "cooc": 932}, {"source": "冒险游戏", "target": "动作冒险游戏", "value": 0.21212121212121213, "cooc": 7}, {"source": "奶", "target": "奶妈", "value": 0.1477760604499399, "cooc": 1721}, {"source": "a点", "target": "b点", "value": 0.13861386138613863, "cooc": 28}, {"source": "班尼特", "target": "香菱", "value": 0.13422291993720564, "cooc": 171}, {"source": "cd", "target": "gcd", "value": 0.12277091906721536, "cooc": 358}, {"source": "逆风", "target": "顺风", "value": 0.12144053601340034, "cooc": 145}, {"source": "闪", "target": "闪避", "value": 0.11628974859373206, "cooc": 1013}, {"source": "雷", "target": "雷神", "value": 0.11327811915575742, "cooc": 1272}, {"source": "升龙拳", "target": "波动拳", "value": 0.1111111111111111, "cooc": 3}, {"source": "eco", "target": "eco局", "value": 0.1092896174863388, "cooc": 40}, {"source": "开放世界", "target": "开放世界游戏", "value": 0.1011764705882353, "cooc": 215}, {"source": "pvp", "target": "pve", "value": 0.09502164502164502, "cooc": 439}, {"source": "安包", "target": "ct家", "value": 0.08333333333333333, "cooc": 1}, {"source": "带线", "target": "牵制", "value": 0.07692307692307693, "cooc": 28}, {"source": "步枪", "target": "冲锋枪", "value": 0.07552320291173795, "cooc": 83}, {"source": "miss", "target": "arg", "value": 0.07441860465116279, "cooc": 16}, {"source": "游戏", "target": "玩家", "value": 0.07350066463366955, "cooc": 10340}, {"source": "闪", "target": "闪现", "value": 0.06938871843285344, "cooc": 588}, {"source": "ot", "target": "hot", "value": 0.0640074211502783, "cooc": 207}, {"source": "蒸发", "target": "融化", "value": 0.06158357771260997, "cooc": 42}, {"source": "冲锋", "target": "步枪", "value": 0.061016949152542375, "cooc": 90}, {"source": "炎王龙", "target": "炎妃龙", "value": 0.06007067137809187, "cooc": 17}, {"source": "打野", "target": "中路", "value": 0.05903208650948413, "cooc": 333}, {"source": "上单", "target": "中单", "value": 0.059012875536480686, "cooc": 110}, {"source": "取消", "target": "后摇", "value": 0.05888827738029719, "cooc": 107}, {"source": "闪", "target": "闪光", "value": 0.057149604439721335, "cooc": 484}, {"source": "辅助", "target": "打野", "value": 0.05570977314061453, "cooc": 582}, {"source": "打野", "target": "射手", "value": 0.055631611698817675, "cooc": 447}, {"source": "打野", "target": "中单", "value": 0.05499580184718724, "cooc": 262}, {"source": "枪法", "target": "对枪", "value": 0.0544280442804428, "cooc": 118}, {"source": "bug", "target": "卡bug", "value": 0.05394470667565745, "cooc": 160}, {"source": "单排", "target": "双排", "value": 0.05376610505450941, "cooc": 217}, {"source": "扫射", "target": "点射", "value": 0.053156146179401995, "cooc": 16}, {"source": "后摇", "target": "前摇", "value": 0.05215973920130399, "cooc": 64}, {"source": "大招", "target": "开大", "value": 0.050141911069063384, "cooc": 371}, {"source": "回防", "target": "包点", "value": 0.04949238578680203, "cooc": 39}, {"source": "演", "target": "演员", "value": 0.04809619238476954, "cooc": 264}, {"source": "buff", "target": "debuff", "value": 0.047386759581881537, "cooc": 136}, {"source": "b点", "target": "反清", "value": 0.0472972972972973, "cooc": 7}, {"source": "包点", "target": "a点", "value": 0.04566929133858268, "cooc": 29}, {"source": "回防", "target": "b点", "value": 0.04521276595744681, "cooc": 17}, {"source": "班尼特", "target": "超载", "value": 0.04504504504504504, "cooc": 45}, {"source": "辅助", "target": "射手", "value": 0.04476930105070809, "cooc": 490}, {"source": "蒸发", "target": "超载", "value": 0.044722719141323794, "cooc": 25}, {"source": "角色扮演游戏", "target": "动作冒险游戏", "value": 0.044444444444444446, "cooc": 2}, {"source": "法师", "target": "战士", "value": 0.043815997087025126, "cooc": 361}, {"source": "战士", "target": "坦克", "value": 0.04366438356164384, "cooc": 204}, {"source": "法师", "target": "射手", "value": 0.04269399082079197, "cooc": 400}, {"source": "兵线", "target": "高地", "value": 0.04263565891472868, "cooc": 55}, {"source": "压枪", "target": "点射", "value": 0.04252998909487459, "cooc": 39}, {"source": "活动", "target": "原石", "value": 0.04223521767381416, "cooc": 455}, {"source": "兵线", "target": "清兵", "value": 0.04162537165510406, "cooc": 42}, {"source": "战士", "target": "刺客", "value": 0.04127669786417087, "cooc": 172}, {"source": "rush", "target": "boss rush", "value": 0.03942652329749104, "cooc": 11}, {"source": "魂", "target": "boss", "value": 0.039253172795314026, "cooc": 965}, {"source": "rush", "target": "回防", "value": 0.037383177570093455, "cooc": 20}, {"source": "回防", "target": "a点", "value": 0.037333333333333336, "cooc": 14}, {"source": "烟", "target": "封烟", "value": 0.037206401995427144, "cooc": 179}, {"source": "探索", "target": "开放世界", "value": 0.03683709114004446, "cooc": 232}, {"source": "盾斧", "target": "片手", "value": 0.036791006642820645, "cooc": 72}, {"source": "超载", "target": "感电", "value": 0.036211699164345405, "cooc": 13}, {"source": "强起", "target": "eco局", "value": 0.03614457831325301, "cooc": 3}, {"source": "中路", "target": "上路", "value": 0.035866780529461996, "cooc": 84}, {"source": "rush", "target": "rush b", "value": 0.035842293906810034, "cooc": 10}, {"source": "t", "target": "ot", "value": 0.03522842639593909, "cooc": 2776}, {"source": "攻略", "target": "收集", "value": 0.03518005540166205, "cooc": 381}, {"source": "1v1", "target": "残局", "value": 0.034521158129175944, "cooc": 31}, {"source": "数值游戏", "target": "无伤通关", "value": 0.03389830508474576, "cooc": 2}, {"source": "航母", "target": "驱逐舰", "value": 0.03361344537815126, "cooc": 4}, {"source": "射手", "target": "中路", "value": 0.03353312813866839, "cooc": 207}, {"source": "融化", "target": "超载", "value": 0.03349282296650718, "cooc": 21}, {"source": "单抽", "target": "玄学", "value": 0.03317535545023697, "cooc": 7}, {"source": "日常", "target": "日常任务", "value": 0.033028455284552845, "cooc": 65}, {"source": "钟离", "target": "班尼特", "value": 0.03265765765765766, "cooc": 58}, {"source": "战士", "target": "射手", "value": 0.03264214046822742, "cooc": 244}, {"source": "摩拉", "target": "狗粮", "value": 0.032407407407407406, "cooc": 14}, {"source": "深渊", "target": "原石", "value": 0.0322234156820623, "cooc": 270}, {"source": "游戏", "target": "t", "value": 0.03210296206013575, "cooc": 5742}, {"source": "支援", "target": "中路", "value": 0.032022699635184435, "cooc": 79}, {"source": "手机游戏", "target": "电脑游戏", "value": 0.03187250996015936, "cooc": 8}, {"source": "策略游戏", "target": "科技树", "value": 0.03169014084507042, "cooc": 9}, {"source": "处决", "target": "硬直", "value": 0.03136200716845878, "cooc": 35}, {"source": "辅助", "target": "中路", "value": 0.03118863347579993, "cooc": 270}, {"source": "融化", "target": "冻结", "value": 0.03102189781021898, "cooc": 17}, {"source": "cd", "target": "爆发", "value": 0.03075510672481065, "cooc": 134}, {"source": "天赋", "target": "天赋树", "value": 0.030634573304157548, "cooc": 70}, {"source": "对线", "target": "团战", "value": 0.030439294361812523, "cooc": 88}, {"source": "瞬狙", "target": "甩狙", "value": 0.030303030303030304, "cooc": 2}, {"source": "主线", "target": "副本", "value": 0.03007456503728252, "cooc": 363}, {"source": "活动", "target": "主线", "value": 0.030043981911664498, "cooc": 485}, {"source": "射手", "target": "刺客", "value": 0.029725182277061134, "cooc": 159}, {"source": "t", "target": "tp", "value": 0.029534526724433224, "cooc": 2328}, {"source": "中路", "target": "兵线", "value": 0.029080334423845874, "cooc": 80}, {"source": "tas", "target": "pf", "value": 0.028901734104046242, "cooc": 5}, {"source": "闪避", "target": "后摇", "value": 0.028708133971291867, "cooc": 60}, {"source": "班尼特", "target": "融化", "value": 0.028670721112076455, "cooc": 33}, {"source": "偷家", "target": "联军", "value": 0.02857142857142857, "cooc": 4}, {"source": "gp", "target": "盾斧", "value": 0.028440366972477066, "cooc": 62}, {"source": "香菱", "target": "超载", "value": 0.02828054298642534, "cooc": 25}, {"source": "打野", "target": "上单", "value": 0.028243962341383544, "cooc": 138}, {"source": "角色扮演游戏", "target": "冒险游戏", "value": 0.028169014084507043, "cooc": 2}, {"source": "攻略", "target": "探索", "value": 0.028113087674714106, "cooc": 354}, {"source": "活动", "target": "深渊", "value": 0.028036728113829117, "cooc": 400}, {"source": "草丛", "target": "河道", "value": 0.027777777777777776, "cooc": 9}, {"source": "清点", "target": "变速", "value": 0.027777777777777776, "cooc": 1}, {"source": "火", "target": "雷", "value": 0.027715929121439838, "cooc": 1195}, {"source": "包点", "target": "b点", "value": 0.027692307692307693, "cooc": 18}, {"source": "b点", "target": "c点", "value": 0.027586206896551724, "cooc": 4}, {"source": "攻略", "target": "副本", "value": 0.026697298581953577, "cooc": 337}, {"source": "迅龙", "target": "炎妃龙", "value": 0.02666666666666667, "cooc": 4}, {"source": "中路", "target": "中单", "value": 0.026325026325026327, "cooc": 75}, {"source": "连招", "target": "蓄力", "value": 0.026263202968883813, "cooc": 92}, {"source": "辅助", "target": "中单", "value": 0.025974025974025976, "cooc": 202}, {"source": "残局", "target": "包点", "value": 0.025974025974025976, "cooc": 30}, {"source": "射手", "target": "坦克", "value": 0.025967413441955193, "cooc": 153}, {"source": "打野", "target": "兵线", "value": 0.02578498648367644, "cooc": 124}, {"source": "小龙", "target": "大龙", "value": 0.02577319587628866, "cooc": 20}, {"source": "aoe", "target": "e技", "value": 0.025547445255474453, "cooc": 21}, {"source": "演", "target": "小龙", "value": 0.025533344532168656, "cooc": 152}, {"source": "刺客", "target": "坦克", "value": 0.025394382454790303, "cooc": 66}, {"source": "控", "target": "大招", "value": 0.02539258269295022, "cooc": 304}, {"source": "压枪", "target": "扫射", "value": 0.025252525252525252, "cooc": 25}, {"source": "动作游戏", "target": "回合制", "value": 0.025222551928783383, "cooc": 34}, {"source": "eco", "target": "强起", "value": 0.025, "cooc": 10}, {"source": "蓄力", "target": "霸体", "value": 0.024893314366998577, "cooc": 70}, {"source": "爆发", "target": "gcd", "value": 0.02489229296314026, "cooc": 52}, {"source": "pvp", "target": "挂机", "value": 0.024868651488616462, "cooc": 142}, {"source": "开团", "target": "闪现", "value": 0.024765729585006693, "cooc": 37}, {"source": "冻结", "target": "超导", "value": 0.024630541871921183, "cooc": 5}, {"source": "科技树", "target": "联军", "value": 0.02456140350877193, "cooc": 7}, {"source": "大招", "target": "普攻", "value": 0.02444913975249019, "cooc": 162}, {"source": "奶", "target": "dps", "value": 0.024417761302280603, "cooc": 303}, {"source": "清点", "target": "安包", "value": 0.024390243902439025, "cooc": 1}, {"source": "魂", "target": "攻略", "value": 0.024363559856932462, "cooc": 579}, {"source": "boss", "target": "攻略", "value": 0.024276743664498765, "cooc": 433}, {"source": "成就", "target": "收集", "value": 0.024064711830131445, "cooc": 119}, {"source": "射手", "target": "暴击", "value": 0.02383673469387755, "cooc": 146}, {"source": "副本", "target": "开荒", "value": 0.02364818144101784, "cooc": 171}, {"source": "fc", "target": "爆肝", "value": 0.023310023310023312, "cooc": 10}, {"source": "随机", "target": "副本", "value": 0.023309308388284006, "cooc": 152}, {"source": "rush", "target": "b点", "value": 0.023255813953488372, "cooc": 9}, {"source": "支援", "target": "兵线", "value": 0.023113528212100613, "cooc": 34}, {"source": "探索", "target": "收集", "value": 0.023078032597721045, "cooc": 160}, {"source": "打野", "target": "对线", "value": 0.023076923076923078, "cooc": 141}, {"source": "大招", "target": "回血", "value": 0.023066686381783233, "cooc": 156}, {"source": "闪", "target": "蓄力", "value": 0.022888015717092338, "cooc": 233}, {"source": "蒸发", "target": "香菱", "value": 0.02284527518172378, "cooc": 22}, {"source": "团战", "target": "兵线", "value": 0.022783251231527094, "cooc": 37}, {"source": "射手", "target": "中单", "value": 0.02278290340802109, "cooc": 121}, {"source": "pt", "target": "gp", "value": 0.022766078542970972, "cooc": 40}, {"source": "游戏", "target": "魂", "value": 0.022749935060038043, "cooc": 2715}, {"source": "雷神", "target": "班尼特", "value": 0.022747156605424323, "cooc": 52}, {"source": "pf", "target": "mgp", "value": 0.022727272727272728, "cooc": 2}, {"source": "q技", "target": "开发票", "value": 0.022727272727272728, "cooc": 1}, {"source": "对线", "target": "上单", "value": 0.022698209718670075, "cooc": 71}, {"source": "残局", "target": "回防", "value": 0.02247191011235955, "cooc": 20}, {"source": "奶妈", "target": "dps", "value": 0.022415611814345992, "cooc": 85}, {"source": "钟离", "target": "甘雨", "value": 0.02239328201539538, "cooc": 32}, {"source": "大招", "target": "霸体", "value": 0.022288966171356308, "cooc": 141}, {"source": "复活点", "target": "半开放世界", "value": 0.022222222222222223, "cooc": 1}, {"source": "上单", "target": "上路", "value": 0.0221606648199446, "cooc": 32}, {"source": "e技", "target": "q技", "value": 0.022099447513812154, "cooc": 4}, {"source": "boss", "target": "探索", "value": 0.022028022533583706, "cooc": 305}, {"source": "boss", "target": "副本", "value": 0.021932039535387058, "cooc": 304}, {"source": "boss", "target": "法师", "value": 0.02191464821222607, "cooc": 323}, {"source": "高地", "target": "大龙", "value": 0.02181208053691275, "cooc": 13}, {"source": "战技", "target": "处决", "value": 0.021779425393883226, "cooc": 47}, {"source": "强起", "target": "经济局", "value": 0.021739130434782608, "cooc": 1}, {"source": "翻滚", "target": "后摇", "value": 0.021510297482837528, "cooc": 47}, {"source": "gank", "target": "反蹲", "value": 0.021505376344086023, "cooc": 2}, {"source": "魂", "target": "开放世界", "value": 0.02148025753518318, "cooc": 377}, {"source": "攻略", "target": "开荒", "value": 0.02139369729249889, "cooc": 241}, {"source": "boss", "target": "最终boss", "value": 0.021339899456242945, "cooc": 208}, {"source": "雷神", "target": "香菱", "value": 0.02132591562355123, "cooc": 46}, {"source": "喷子", "target": "冲锋枪", "value": 0.02127659574468085, "cooc": 16}, {"source": "听声辨位", "target": "lyb", "value": 0.02127659574468085, "cooc": 1}, {"source": "金币", "target": "挂机", "value": 0.02123705866737457, "cooc": 80}, {"source": "兵线", "target": "带线", "value": 0.02112676056338028, "cooc": 24}, {"source": "技能点", "target": "天赋树", "value": 0.02097902097902098, "cooc": 3}, {"source": "副本", "target": "dps", "value": 0.0209636517328825, "cooc": 124}, {"source": "控", "target": "硬控", "value": 0.02090800477897252, "cooc": 140}, {"source": "蓄力", "target": "闪避", "value": 0.020679012345679013, "cooc": 67}, {"source": "上线", "target": "日常", "value": 0.02057541412380122, "cooc": 118}, {"source": "蒸发", "target": "感电", "value": 0.02050113895216401, "cooc": 9}, {"source": "支援", "target": "中单", "value": 0.020434227330779056, "cooc": 32}, {"source": "驱逐舰", "target": "核潜艇", "value": 0.02040816326530612, "cooc": 1}, {"source": "pvp", "target": "野外", "value": 0.020360051435919416, "cooc": 95}, {"source": "主线", "target": "探索", "value": 0.020292474531712127, "cooc": 247}, {"source": "打野", "target": "上路", "value": 0.020279405137449302, "cooc": 90}, {"source": "a点", "target": "反清", "value": 0.02027027027027027, "cooc": 3}, {"source": "对线", "target": "支援", "value": 0.020238525478857967, "cooc": 56}, {"source": "蓄力", "target": "处决", "value": 0.02021357742181541, "cooc": 53}, {"source": "雷神", "target": "钟离", "value": 0.020070838252656435, "cooc": 51}, {"source": "gp", "target": "立回", "value": 0.020042194092827006, "cooc": 19}, {"source": "探索", "target": "肝", "value": 0.01988609840351041, "cooc": 213}, {"source": "回防", "target": "c点", "value": 0.019867549668874173, "cooc": 6}, {"source": "步枪", "target": "压枪", "value": 0.019838809671419714, "cooc": 32}, {"source": "对枪", "target": "残局", "value": 0.01982815598149372, "cooc": 30}, {"source": "支援", "target": "带线", "value": 0.019813519813519812, "cooc": 17}, {"source": "补刀", "target": "adc", "value": 0.019801980198019802, "cooc": 10}, {"source": "大招", "target": "cd", "value": 0.019800777453838677, "cooc": 163}, {"source": "团战", "target": "开团", "value": 0.019777503090234856, "cooc": 32}, {"source": "感电", "target": "超导", "value": 0.019736842105263157, "cooc": 3}, {"source": "坦克", "target": "生命值", "value": 0.01970954356846473, "cooc": 38}, {"source": "主线", "target": "npc", "value": 0.019704876732049667, "cooc": 219}, {"source": "翻滚", "target": "硬直", "value": 0.019682886823400764, "cooc": 36}, {"source": "法师", "target": "中路", "value": 0.019660160089875017, "cooc": 140}, {"source": "t", "target": "玩家", "value": 0.01957423553667685, "cooc": 2364}, {"source": "冲锋", "target": "喷子", "value": 0.01948627103631532, "cooc": 22}, {"source": "主线", "target": "攻略", "value": 0.019480919795327047, "cooc": 316}, {"source": "好感度", "target": "快速战斗", "value": 0.019417475728155338, "cooc": 2}, {"source": "隐藏boss", "target": "龙信", "value": 0.019417475728155338, "cooc": 2}, {"source": "游戏", "target": "火", "value": 0.019305188451934168, "cooc": 2644}, {"source": "复活", "target": "奶妈", "value": 0.01929474384564205, "cooc": 87}, {"source": "tp", "target": "fc", "value": 0.019205729166666668, "cooc": 59}, {"source": "钟离", "target": "香菱", "value": 0.01919616076784643, "cooc": 32}, {"source": "法师", "target": "刺客", "value": 0.019141808900941137, "cooc": 120}, {"source": "闪", "target": "烟", "value": 0.019077778635977448, "cooc": 247}, {"source": "活动", "target": "联机", "value": 0.019072699704732264, "cooc": 239}, {"source": "蓄力", "target": "后摇", "value": 0.019023689877961235, "cooc": 53}, {"source": "上路", "target": "河道", "value": 0.0189873417721519, "cooc": 12}, {"source": "连击", "target": "必杀技", "value": 0.018957345971563982, "cooc": 4}, {"source": "兵线", "target": "牵制", "value": 0.018943170488534396, "cooc": 19}, {"source": "辅助", "target": "开团", "value": 0.018889895199896492, "cooc": 146}, {"source": "抢点", "target": "占点", "value": 0.018867924528301886, "cooc": 1}, {"source": "npc", "target": "入侵", "value": 0.01866789582853192, "cooc": 81}, {"source": "烟", "target": "对枪", "value": 0.01862464183381089, "cooc": 104}, {"source": "活动", "target": "日常", "value": 0.01856483262793382, "cooc": 193}, {"source": "扩散", "target": "感电", "value": 0.018518518518518517, "cooc": 7}, {"source": "角色扮演游戏", "target": "平台游戏", "value": 0.018518518518518517, "cooc": 1}, {"source": "数值游戏", "target": "放置游戏", "value": 0.018518518518518517, "cooc": 1}, {"source": "98k", "target": "修甲", "value": 0.018518518518518517, "cooc": 1}, {"source": "复活", "target": "复活点", "value": 0.018447018447018446, "cooc": 43}, {"source": "rush", "target": "包点", "value": 0.018404907975460124, "cooc": 15}, {"source": "点位", "target": "封烟", "value": 0.018335684062059238, "cooc": 13}, {"source": "五星", "target": "班尼特", "value": 0.018277822908204712, "cooc": 45}, {"source": "点券", "target": "游戏道具", "value": 0.0182648401826484, "cooc": 4}, {"source": "boss", "target": "主线", "value": 0.01825068870523416, "cooc": 318}, {"source": "枪法", "target": "残局", "value": 0.018227848101265823, "cooc": 36}, {"source": "闪避", "target": "普攻", "value": 0.018226002430133656, "cooc": 45}, {"source": "对线", "target": "射手", "value": 0.018201284796573874, "cooc": 119}, {"source": "打野", "target": "支援", "value": 0.01818181818181818, "cooc": 83}, {"source": "对枪", "target": "封烟", "value": 0.01818181818181818, "cooc": 20}, {"source": "rush", "target": "a点", "value": 0.01818181818181818, "cooc": 7}, {"source": "拆包", "target": "安包", "value": 0.01818181818181818, "cooc": 2}, {"source": "深渊", "target": "凹", "value": 0.0181549815498155, "cooc": 123}, {"source": "魂", "target": "魂系游戏", "value": 0.01813127803398825, "cooc": 287}, {"source": "黄金树", "target": "腐败", "value": 0.01809491293956982, "cooc": 53}, {"source": "胡桃", "target": "钟离", "value": 0.01809162532827546, "cooc": 62}, {"source": "玩家", "target": "活动", "value": 0.018074356530028597, "cooc": 948}, {"source": "爆发", "target": "aoe", "value": 0.01797945205479452, "cooc": 42}, {"source": "炸鱼", "target": "外挂", "value": 0.017916793197692075, "cooc": 59}, {"source": "对线", "target": "中路", "value": 0.017909715407262022, "cooc": 73}, {"source": "肝", "target": "原石", "value": 0.01786711334450028, "cooc": 160}, {"source": "活动", "target": "pvp", "value": 0.017861492246488593, "cooc": 220}, {"source": "反伤", "target": "apm", "value": 0.017857142857142856, "cooc": 1}, {"source": "无敌", "target": "翻滚", "value": 0.017854135085059796, "cooc": 106}, {"source": "演", "target": "站桩", "value": 0.017836498761354253, "cooc": 108}, {"source": "玩家", "target": "火", "value": 0.01782062137692959, "cooc": 1368}, {"source": "翻滚", "target": "战技", "value": 0.01778242677824268, "cooc": 51}, {"source": "团战", "target": "带线", "value": 0.017769002961500493, "cooc": 18}, {"source": "活动", "target": "肝", "value": 0.017755060864886676, "cooc": 264}, {"source": "连招", "target": "单排", "value": 0.017752715121136173, "cooc": 85}, {"source": "封烟", "target": "打药", "value": 0.017699115044247787, "cooc": 8}, {"source": "活动", "target": "上线", "value": 0.01765232245993655, "cooc": 217}, {"source": "脱战", "target": "目押", "value": 0.01764705882352941, "cooc": 3}, {"source": "高地", "target": "牵制", "value": 0.01763668430335097, "cooc": 10}, {"source": "日常", "target": "周常", "value": 0.01763584366062917, "cooc": 37}, {"source": "冻结", "target": "感电", "value": 0.017605633802816902, "cooc": 5}, {"source": "埋伏", "target": "亡语", "value": 0.017543859649122806, "cooc": 1}, {"source": "玩家", "target": "魂", "value": 0.017431023190985575, "cooc": 1038}, {"source": "小号", "target": "炸鱼", "value": 0.01742965140697186, "cooc": 83}, {"source": "胡桃", "target": "甘雨", "value": 0.01741912548880199, "cooc": 49}, {"source": "埋伏", "target": "awm", "value": 0.017391304347826087, "cooc": 2}, {"source": "喷子", "target": "老六", "value": 0.017369727047146403, "cooc": 14}, {"source": "副本", "target": "野外", "value": 0.017357762777242044, "cooc": 90}, {"source": "副本", "target": "日常", "value": 0.017342879872712807, "cooc": 109}, {"source": "上线", "target": "肝", "value": 0.017318982387475538, "cooc": 177}, {"source": "肝", "target": "保底", "value": 0.017272185824895772, "cooc": 174}, {"source": "支援", "target": "清兵", "value": 0.017264276228419653, "cooc": 13}, {"source": "班尼特", "target": "蒸发", "value": 0.01725703905540418, "cooc": 19}, {"source": "星声", "target": "贝币", "value": 0.017208413001912046, "cooc": 9}, {"source": "辅助", "target": "对线", "value": 0.017128964526467012, "cooc": 155}, {"source": "策略游戏", "target": "联军", "value": 0.017045454545454544, "cooc": 3}, {"source": "野外", "target": "世界boss", "value": 0.01703940362087327, "cooc": 16}, {"source": "后摇", "target": "硬直", "value": 0.017014694508894045, "cooc": 22}, {"source": "dlc", "target": "黄金树", "value": 0.017010447361371552, "cooc": 127}, {"source": "射手", "target": "开团", "value": 0.016987974804351977, "cooc": 89}, {"source": "活动", "target": "挂机", "value": 0.016947520462205105, "cooc": 176}, {"source": "pvp", "target": "联机", "value": 0.016904251293049073, "cooc": 134}, {"source": "副本", "target": "组队", "value": 0.016882886084947573, "cooc": 95}, {"source": "对枪", "target": "爆头", "value": 0.016803584764749812, "cooc": 45}, {"source": "魂", "target": "探索", "value": 0.016790669615926, "cooc": 334}, {"source": "火", "target": "奶", "value": 0.016763481681379498, "cooc": 733}, {"source": "五星", "target": "香菱", "value": 0.016716673810544362, "cooc": 39}, {"source": "对线", "target": "兵线", "value": 0.016683022571148183, "cooc": 51}, {"source": "完成度", "target": "星级", "value": 0.016666666666666666, "cooc": 2}, {"source": "98k", "target": "awm", "value": 0.016666666666666666, "cooc": 2}]