{"nodes": [{"name": "游戏综合术语"}, {"name": "系统与机制"}, {"name": "副本"}, {"name": "探索"}, {"name": "bug"}, {"name": "收集"}, {"name": "成就"}, {"name": "结局类型"}, {"name": "Good End"}, {"name": "Normal End"}, {"name": "Bad End"}, {"name": "Dead End"}, {"name": "True End"}, {"name": "发布与制作"}, {"name": "联动"}, {"name": "致敬"}, {"name": "放卫星"}, {"name": "游戏测试"}, {"name": "跳票"}, {"name": "发展与运营"}, {"name": "改版"}, {"name": "游戏新作"}, {"name": "游戏续作"}, {"name": "游戏外传"}, {"name": "资料片"}, {"name": "制作与运营"}, {"name": "本地化"}, {"name": "游戏策划"}, {"name": "游戏原画师"}, {"name": "GM"}, {"name": "游戏代理"}, {"name": "综合及其他"}, {"name": "活动"}, {"name": "外挂"}, {"name": "电子竞技"}, {"name": "金手指"}, {"name": "快攻"}, {"name": "游戏分类相关"}, {"name": "按游戏形式分类"}, {"name": "动作冒险游戏（A-AVG）"}, {"name": "冒险游戏（AVG）"}, {"name": "动作游戏（ACT）"}, {"name": "ARG"}, {"name": "格斗游戏（FTG）"}, {"name": "按游戏内容分类"}, {"name": "恋爱游戏"}, {"name": "Galgame"}, {"name": "乙女游戏"}, {"name": "BL游戏"}, {"name": "百合游戏"}, {"name": "按年龄限制分类"}, {"name": "分级制度"}, {"name": "成人游戏/18禁游戏"}, {"name": "拔作"}, {"name": "全年龄游戏"}, {"name": "按游戏平台分类"}, {"name": "电脑游戏"}, {"name": "手机游戏"}, {"name": "老虎机"}, {"name": "家用机"}, {"name": "游戏主机"}, {"name": "按玩家人数分类"}, {"name": "单机游戏"}, {"name": "网络游戏"}, {"name": "本地合作/分屏游戏/热座模式"}, {"name": "局域网联机游戏"}, {"name": "区块链游戏"}, {"name": "其他分类"}, {"name": "MUD游戏"}, {"name": "邮递型游戏"}, {"name": "网络文字角色扮演游戏"}, {"name": "Flash游戏"}, {"name": "增强现实游戏、"}, {"name": "角色与职责"}, {"name": "角色综合"}, {"name": "怪物"}, {"name": "杂兵"}, {"name": "玩家角色"}, {"name": "第四天灾"}, {"name": "可控角色"}, {"name": "职责分工"}, {"name": "辅助"}, {"name": "打野"}, {"name": "DPS"}, {"name": "坦克(MT)"}, {"name": "奶妈/奶爸"}, {"name": "主要职业"}, {"name": "法师"}, {"name": "战士"}, {"name": "刺客"}, {"name": "弓箭手/射手"}, {"name": "游戏玩法用语"}, {"name": "通用"}, {"name": "控"}, {"name": "无敌"}, {"name": "大哥"}, {"name": "破防"}, {"name": "拐"}, {"name": "(A)RPG类"}, {"name": "组队"}, {"name": "公会"}, {"name": "回城"}, {"name": "打桩"}, {"name": "脱战"}, {"name": "FPS类"}, {"name": "枪法"}, {"name": "点位"}, {"name": "老六"}, {"name": "安包"}, {"name": "拆包"}, {"name": "FTG类"}, {"name": "择"}, {"name": "取消"}, {"name": "凹"}, {"name": "投技"}, {"name": "飞行道具"}, {"name": "STG类"}, {"name": "上线"}, {"name": "蓄力"}, {"name": "火力"}, {"name": "rank"}, {"name": "沙包"}, {"name": "MOBA类"}, {"name": "演员"}, {"name": "开黑"}, {"name": "排位分段"}, {"name": "兵线"}, {"name": "补兵"}, {"name": "音乐游戏类"}, {"name": "和尚"}, {"name": "难民"}, {"name": "出勤"}, {"name": "变速"}, {"name": "全连"}, {"name": "抽卡游戏类"}, {"name": "公式"}, {"name": "觉醒"}, {"name": "稀有度/星级"}, {"name": "星级/阶级"}, {"name": "缘分/纽带/派别/羁绊"}, {"name": "玄学相关"}, {"name": "许愿"}, {"name": "人品"}, {"name": "海豹"}, {"name": "非洲人/非酋"}, {"name": "欧洲人/欧皇"}, {"name": "游戏典故"}, {"name": "通渠"}, {"name": "十里坡剑神"}, {"name": "一夜过后"}, {"name": "1V5"}, {"name": "俸俸伲购美病"}, {"name": "游戏圈吐槽语"}, {"name": "临时工"}, {"name": "ADC in 2017"}, {"name": "本人操作"}, {"name": "电表倒转"}, {"name": "风暴oo"}], "links": [{"source": "系统与机制", "target": "副本", "value": 4428}, {"source": "系统与机制", "target": "探索", "value": 4414}, {"source": "系统与机制", "target": "bug", "value": 2960}, {"source": "系统与机制", "target": "收集", "value": 2679}, {"source": "系统与机制", "target": "成就", "value": 2385}, {"source": "游戏综合术语", "target": "系统与机制", "value": 16866}, {"source": "结局类型", "target": "Good End", "value": 1}, {"source": "结局类型", "target": "Normal End", "value": 1}, {"source": "结局类型", "target": "Bad End", "value": 1}, {"source": "结局类型", "target": "Dead End", "value": 1}, {"source": "结局类型", "target": "True End", "value": 1}, {"source": "游戏综合术语", "target": "结局类型", "value": 5}, {"source": "发布与制作", "target": "联动", "value": 2798}, {"source": "发布与制作", "target": "致敬", "value": 436}, {"source": "发布与制作", "target": "放卫星", "value": 8}, {"source": "发布与制作", "target": "游戏测试", "value": 1}, {"source": "发布与制作", "target": "跳票", "value": 1}, {"source": "游戏综合术语", "target": "发布与制作", "value": 3244}, {"source": "发展与运营", "target": "改版", "value": 393}, {"source": "发展与运营", "target": "游戏新作", "value": 1}, {"source": "发展与运营", "target": "游戏续作", "value": 1}, {"source": "发展与运营", "target": "游戏外传", "value": 1}, {"source": "发展与运营", "target": "资料片", "value": 1}, {"source": "游戏综合术语", "target": "发展与运营", "value": 397}, {"source": "制作与运营", "target": "本地化", "value": 13}, {"source": "制作与运营", "target": "游戏策划", "value": 1}, {"source": "制作与运营", "target": "游戏原画师", "value": 1}, {"source": "制作与运营", "target": "GM", "value": 1}, {"source": "制作与运营", "target": "游戏代理", "value": 1}, {"source": "游戏综合术语", "target": "制作与运营", "value": 17}, {"source": "综合及其他", "target": "活动", "value": 8623}, {"source": "综合及其他", "target": "外挂", "value": 949}, {"source": "综合及其他", "target": "电子竞技", "value": 126}, {"source": "综合及其他", "target": "金手指", "value": 41}, {"source": "综合及其他", "target": "快攻", "value": 33}, {"source": "游戏综合术语", "target": "综合及其他", "value": 9772}, {"source": "按游戏形式分类", "target": "动作冒险游戏（A-AVG）", "value": 1}, {"source": "按游戏形式分类", "target": "冒险游戏（AVG）", "value": 1}, {"source": "按游戏形式分类", "target": "动作游戏（ACT）", "value": 1}, {"source": "按游戏形式分类", "target": "ARG", "value": 1}, {"source": "按游戏形式分类", "target": "格斗游戏（FTG）", "value": 1}, {"source": "游戏分类相关", "target": "按游戏形式分类", "value": 5}, {"source": "按游戏内容分类", "target": "恋爱游戏", "value": 1}, {"source": "按游戏内容分类", "target": "Galgame", "value": 1}, {"source": "按游戏内容分类", "target": "乙女游戏", "value": 1}, {"source": "按游戏内容分类", "target": "BL游戏", "value": 1}, {"source": "按游戏内容分类", "target": "百合游戏", "value": 1}, {"source": "游戏分类相关", "target": "按游戏内容分类", "value": 5}, {"source": "按年龄限制分类", "target": "分级制度", "value": 2}, {"source": "按年龄限制分类", "target": "成人游戏/18禁游戏", "value": 1}, {"source": "按年龄限制分类", "target": "拔作", "value": 1}, {"source": "按年龄限制分类", "target": "全年龄游戏", "value": 1}, {"source": "游戏分类相关", "target": "按年龄限制分类", "value": 5}, {"source": "按游戏平台分类", "target": "电脑游戏", "value": 133}, {"source": "按游戏平台分类", "target": "手机游戏", "value": 126}, {"source": "按游戏平台分类", "target": "老虎机", "value": 7}, {"source": "按游戏平台分类", "target": "家用机", "value": 5}, {"source": "按游戏平台分类", "target": "游戏主机", "value": 1}, {"source": "游戏分类相关", "target": "按游戏平台分类", "value": 272}, {"source": "按玩家人数分类", "target": "单机游戏", "value": 1283}, {"source": "按玩家人数分类", "target": "网络游戏", "value": 142}, {"source": "按玩家人数分类", "target": "本地合作/分屏游戏/热座模式", "value": 1}, {"source": "按玩家人数分类", "target": "局域网联机游戏", "value": 1}, {"source": "按玩家人数分类", "target": "区块链游戏", "value": 1}, {"source": "游戏分类相关", "target": "按玩家人数分类", "value": 1428}, {"source": "其他分类", "target": "MUD游戏", "value": 1}, {"source": "其他分类", "target": "邮递型游戏", "value": 1}, {"source": "其他分类", "target": "网络文字角色扮演游戏", "value": 1}, {"source": "其他分类", "target": "Flash游戏", "value": 1}, {"source": "其他分类", "target": "增强现实游戏、", "value": 1}, {"source": "游戏分类相关", "target": "其他分类", "value": 5}, {"source": "角色综合", "target": "怪物", "value": 6108}, {"source": "角色综合", "target": "杂兵", "value": 66}, {"source": "角色综合", "target": "玩家角色", "value": 1}, {"source": "角色综合", "target": "第四天灾", "value": 1}, {"source": "角色综合", "target": "可控角色", "value": 1}, {"source": "角色与职责", "target": "角色综合", "value": 6177}, {"source": "职责分工", "target": "辅助", "value": 6991}, {"source": "职责分工", "target": "打野", "value": 4038}, {"source": "职责分工", "target": "DPS", "value": 1}, {"source": "职责分工", "target": "坦克(MT)", "value": 1}, {"source": "职责分工", "target": "奶妈/奶爸", "value": 1}, {"source": "角色与职责", "target": "职责分工", "value": 11032}, {"source": "主要职业", "target": "法师", "value": 5325}, {"source": "主要职业", "target": "战士", "value": 3275}, {"source": "主要职业", "target": "刺客", "value": 1064}, {"source": "主要职业", "target": "弓箭手/射手", "value": 1}, {"source": "角色与职责", "target": "主要职业", "value": 9665}, {"source": "通用", "target": "控", "value": 6693}, {"source": "通用", "target": "无敌", "value": 4652}, {"source": "通用", "target": "大哥", "value": 2619}, {"source": "通用", "target": "破防", "value": 1596}, {"source": "通用", "target": "拐", "value": 1492}, {"source": "游戏玩法用语", "target": "通用", "value": 17052}, {"source": "(A)RPG类", "target": "组队", "value": 1294}, {"source": "(A)RPG类", "target": "公会", "value": 1217}, {"source": "(A)RPG类", "target": "回城", "value": 231}, {"source": "(A)RPG类", "target": "打桩", "value": 215}, {"source": "(A)RPG类", "target": "脱战", "value": 97}, {"source": "游戏玩法用语", "target": "(A)RPG类", "value": 3054}, {"source": "FPS类", "target": "枪法", "value": 1377}, {"source": "FPS类", "target": "点位", "value": 511}, {"source": "FPS类", "target": "老六", "value": 416}, {"source": "FPS类", "target": "安包", "value": 11}, {"source": "FPS类", "target": "拆包", "value": 1}, {"source": "游戏玩法用语", "target": "FPS类", "value": 2316}, {"source": "FTG类", "target": "择", "value": 6737}, {"source": "FTG类", "target": "取消", "value": 1083}, {"source": "FTG类", "target": "凹", "value": 854}, {"source": "FTG类", "target": "投技", "value": 92}, {"source": "FTG类", "target": "飞行道具", "value": 3}, {"source": "游戏玩法用语", "target": "FTG类", "value": 8769}, {"source": "STG类", "target": "上线", "value": 3887}, {"source": "STG类", "target": "蓄力", "value": 1998}, {"source": "STG类", "target": "火力", "value": 376}, {"source": "STG类", "target": "rank", "value": 150}, {"source": "STG类", "target": "沙包", "value": 78}, {"source": "游戏玩法用语", "target": "STG类", "value": 6489}, {"source": "MOBA类", "target": "演员", "value": 285}, {"source": "MOBA类", "target": "开黑", "value": 1}, {"source": "MOBA类", "target": "排位分段", "value": 1}, {"source": "MOBA类", "target": "兵线", "value": 1}, {"source": "MOBA类", "target": "补兵", "value": 1}, {"source": "游戏玩法用语", "target": "MOBA类", "value": 289}, {"source": "音乐游戏类", "target": "和尚", "value": 150}, {"source": "音乐游戏类", "target": "难民", "value": 115}, {"source": "音乐游戏类", "target": "出勤", "value": 10}, {"source": "音乐游戏类", "target": "变速", "value": 6}, {"source": "音乐游戏类", "target": "全连", "value": 2}, {"source": "游戏玩法用语", "target": "音乐游戏类", "value": 283}, {"source": "抽卡游戏类", "target": "公式", "value": 1409}, {"source": "抽卡游戏类", "target": "觉醒", "value": 534}, {"source": "抽卡游戏类", "target": "稀有度/星级", "value": 1}, {"source": "抽卡游戏类", "target": "星级/阶级", "value": 1}, {"source": "抽卡游戏类", "target": "缘分/纽带/派别/羁绊", "value": 1}, {"source": "游戏玩法用语", "target": "抽卡游戏类", "value": 1946}, {"source": "玄学相关", "target": "许愿", "value": 155}, {"source": "玄学相关", "target": "人品", "value": 145}, {"source": "玄学相关", "target": "海豹", "value": 62}, {"source": "玄学相关", "target": "非洲人/非酋", "value": 1}, {"source": "玄学相关", "target": "欧洲人/欧皇", "value": 1}, {"source": "游戏玩法用语", "target": "玄学相关", "value": 364}, {"source": "游戏典故", "target": "通渠", "value": 4}, {"source": "游戏典故", "target": "十里坡剑神", "value": 1}, {"source": "游戏典故", "target": "一夜过后", "value": 1}, {"source": "游戏典故", "target": "1V5", "value": 1}, {"source": "游戏典故", "target": "俸俸伲购美病", "value": 1}, {"source": "游戏玩法用语", "target": "游戏典故", "value": 8}, {"source": "游戏圈吐槽语", "target": "临时工", "value": 9}, {"source": "游戏圈吐槽语", "target": "ADC in 2017", "value": 1}, {"source": "游戏圈吐槽语", "target": "本人操作", "value": 1}, {"source": "游戏圈吐槽语", "target": "电表倒转", "value": 1}, {"source": "游戏圈吐槽语", "target": "风暴oo", "value": 1}, {"source": "游戏玩法用语", "target": "游戏圈吐槽语", "value": 13}]}