[{"name": "游戏综合术语", "children": [{"name": "系统与机制", "children": [{"name": "动态难度", "value": 1}, {"name": "游戏视角", "value": 1}, {"name": "HUD", "value": 1}, {"name": "游戏地图", "value": 1}, {"name": "开放世界", "value": 1}, {"name": "半开放世界", "value": 1}, {"name": "箱庭式", "value": 1}, {"name": "主线剧情/支线剧情", "value": 1}, {"name": "即时制", "value": 1}, {"name": "回合制", "value": 1}, {"name": "彩蛋", "value": 1}, {"name": "游戏CG", "value": 1}, {"name": "立绘", "value": 1}, {"name": "OST", "value": 1}, {"name": "bug", "value": 2960}, {"name": "游戏任务", "value": 1}, {"name": "日常任务", "value": 1}, {"name": "活跃", "value": 683}, {"name": "回归奖励", "value": 1}, {"name": "存档系统", "value": 1}, {"name": "随机数生成（RNG）", "value": 1}, {"name": "随机遇怪", "value": 1}, {"name": "生存模式", "value": 1}, {"name": "o周目", "value": 1}, {"name": "奖杯", "value": 247}, {"name": "Flag", "value": 1}, {"name": "死亡Flag", "value": 1}, {"name": "副本", "value": 4428}, {"name": "游戏币", "value": 1}, {"name": "游戏道具", "value": 1}, {"name": "游戏装备", "value": 1}, {"name": "装备强化", "value": 1}, {"name": "附魔", "value": 1}, {"name": "符文", "value": 352}, {"name": "死亡惩罚", "value": 1}, {"name": "复活", "value": 2330}, {"name": "复活点", "value": 1}, {"name": "复活保护", "value": 1}, {"name": "科技树", "value": 1}, {"name": "游戏技能/技能树", "value": 1}, {"name": "生活技能", "value": 1}, {"name": "新手岛/新手村", "value": 1}, {"name": "游戏阵营", "value": 1}, {"name": "元素属性", "value": 1}, {"name": "种族天赋", "value": 1}, {"name": "加点/洗点", "value": 1}, {"name": "视野/战争迷雾", "value": 1}, {"name": "潜入/隐藏", "value": 1}, {"name": "QTE", "value": 1}, {"name": "BUFF", "value": 1}, {"name": "DEBUFF", "value": 1}, {"name": "BUFF稀释", "value": 1}, {"name": "连击（COMBO）", "value": 1}, {"name": "暴击（会心一击）", "value": 1}, {"name": "Miss", "value": 1}, {"name": "解锁", "value": 1691}, {"name": "收集", "value": 2679}, {"name": "CG收集度/完成度/达成度", "value": 1}, {"name": "生命值/HP", "value": 1}, {"name": "魔法值/MP/体力值/能量值", "value": 1}, {"name": "技能点/SP", "value": 1}, {"name": "经验值/EXP", "value": 1}, {"name": "氧气值", "value": 1}, {"name": "怒气值", "value": 1}, {"name": "疲劳值/体力值", "value": 1}, {"name": "饥饿度", "value": 1}, {"name": "恶名度/恶名值", "value": 1}, {"name": "好感度", "value": 95}, {"name": "仇恨值", "value": 1}, {"name": "韧性值", "value": 1}, {"name": "背包", "value": 749}, {"name": "仓库", "value": 290}, {"name": "红名机制", "value": 1}, {"name": "无限弹药", "value": 1}, {"name": "探索", "value": 4414}, {"name": "大逃杀/大混战/斗皇模式", "value": 1}, {"name": "空气墙", "value": 1}, {"name": "成就", "value": 2385}, {"name": "游戏拜师/师徒系统", "value": 1}, {"name": "捏脸", "value": 1}, {"name": "皮肤/时装/换装/纸娃娃系统", "value": 1}, {"name": "通行证", "value": 655}, {"name": "Jump scare", "value": 1}, {"name": "扫荡", "value": 186}, {"name": "Boss Rush", "value": 1}, {"name": "奖励式广告", "value": 1}]}, {"name": "结局类型", "children": [{"name": "Good End", "value": 1}, {"name": "Normal End", "value": 1}, {"name": "Bad End", "value": 1}, {"name": "Dead End", "value": 1}, {"name": "True End", "value": 1}, {"name": "False End", "value": 1}, {"name": "Perfect End", "value": 1}, {"name": "Joke End", "value": 1}, {"name": "Dream End", "value": 1}, {"name": "Law End", "value": 1}, {"name": "Chaos End", "value": 1}, {"name": "No End", "value": 1}, {"name": "Open End", "value": 1}, {"name": "Bed End", "value": 1}]}, {"name": "发布与制作", "children": [{"name": "游戏测试", "value": 1}, {"name": "跳票", "value": 1}, {"name": "偷跑", "value": 1}, {"name": "放卫星", "value": 8}, {"name": "联动", "value": 2798}, {"name": "梦幻联动", "value": 1}, {"name": "云联动", "value": 1}, {"name": "致敬", "value": 436}, {"name": "画饼", "value": 1}]}, {"name": "发展与运营", "children": [{"name": "游戏新作", "value": 1}, {"name": "游戏续作", "value": 1}, {"name": "游戏外传", "value": 1}, {"name": "资料片", "value": 1}, {"name": "DLC", "value": 1}, {"name": "Fan Disc", "value": 1}, {"name": "游戏模组（MOD）", "value": 1}, {"name": "游戏更新", "value": 1}, {"name": "改版", "value": 393}, {"name": "分割商法", "value": 1}, {"name": "取消开发", "value": 1}, {"name": "游戏关服", "value": 1}, {"name": "精神续作", "value": 1}, {"name": "网络游戏翻新", "value": 1}, {"name": "游戏复刻／重置（Remastered）", "value": 1}, {"name": "游戏重制（Remake）", "value": 1}, {"name": "游戏重启（Reboot）", "value": 1}, {"name": "数值膨胀", "value": 1}, {"name": "游戏平衡性", "value": 1}, {"name": "对游戏内容进行数值调整", "value": 1}]}, {"name": "制作与运营", "children": [{"name": "游戏策划", "value": 1}, {"name": "游戏原画师", "value": 1}, {"name": "GM", "value": 1}, {"name": "本地化", "value": 13}, {"name": "游戏代理", "value": 1}, {"name": "游戏发行", "value": 1}, {"name": "日/月活", "value": 1}, {"name": "游戏营收", "value": 1}, {"name": "渠道服", "value": 1}, {"name": "私服", "value": 1}]}, {"name": "综合及其他", "children": [{"name": "电子竞技", "value": 126}, {"name": "活动", "value": 8623}, {"name": "游戏服务器", "value": 1}, {"name": "游戏回档", "value": 1}, {"name": "负评轰炸", "value": 1}, {"name": "官方攻略", "value": 1}, {"name": "秘籍", "value": 30}, {"name": "金手指", "value": 41}, {"name": "外挂", "value": 949}, {"name": "挂机", "value": 1}, {"name": "锁区", "value": 1}, {"name": "自制软件", "value": 1}, {"name": "瑞士轮", "value": 1}, {"name": "CTD", "value": 1}, {"name": "MVP", "value": 1}, {"name": "快攻", "value": 33}, {"name": "NPND（No patch, no down）", "value": 1}]}]}, {"name": "游戏分类相关", "children": [{"name": "按游戏形式分类", "children": [{"name": "动作冒险游戏（A-AVG）", "value": 1}, {"name": "冒险游戏（AVG）", "value": 1}, {"name": "动作游戏（ACT）", "value": 1}, {"name": "ARG", "value": 1}, {"name": "格斗游戏（FTG）", "value": 1}, {"name": "音乐游戏（MUG）", "value": 1}, {"name": "益智游戏（PUZ）", "value": 1}, {"name": "角色扮演游戏（RPG）/动作角色扮演游戏（A·RPG）/策略角色扮演游戏（S·RPG）/大型多人在线角色扮演游戏（MMO(A)RPG）", "value": 1}, {"name": "策略游戏（SG）", "value": 1}, {"name": "即时战略游戏（RTS）", "value": 1}, {"name": "模拟游戏（SIM）", "value": 1}, {"name": "体育游戏（SPG）/竞速游戏（RAC）", "value": 1}, {"name": "射击游戏（STG）", "value": 1}, {"name": "第一人称射击游戏（FPS）", "value": 1}, {"name": "第三人称射击游戏（TPS）", "value": 1}, {"name": "集换式卡牌游戏（TCG）", "value": 1}, {"name": "塔防游戏（TD）", "value": 1}, {"name": "多人在线战斗竞技场游戏（MOBA）", "value": 1}, {"name": "放置游戏", "value": 1}, {"name": "增量游戏", "value": 1}, {"name": "自走棋", "value": 1}, {"name": "梗类解谜游戏", "value": 1}]}, {"name": "按游戏内容分类", "children": [{"name": "恋爱游戏", "value": 1}, {"name": "Galgame", "value": 1}, {"name": "乙女游戏", "value": 1}, {"name": "BL游戏", "value": 1}, {"name": "百合游戏", "value": 1}, {"name": "纯爱游戏", "value": 1}, {"name": "沙盒游戏", "value": 1}, {"name": "开放世界游戏", "value": 1}, {"name": "类GTA游戏", "value": 1}, {"name": "Roguelike游戏", "value": 1}, {"name": "幸存者like", "value": 1}, {"name": "魂系游戏", "value": 1}, {"name": "社交游戏", "value": 1}, {"name": "剧情向游戏", "value": 1}, {"name": "打字游戏", "value": 1}, {"name": "超休闲游戏", "value": 1}, {"name": "大逃杀游戏", "value": 1}, {"name": "类塔科夫游戏", "value": 1}, {"name": "生物收集游戏（类宝可梦游戏）", "value": 1}, {"name": "恐怖游戏", "value": 1}, {"name": "吉祥物恐怖游戏", "value": 1}]}, {"name": "按年龄限制分类", "children": [{"name": "分级制度", "value": 2}, {"name": "成人游戏/18禁游戏", "value": 1}, {"name": "拔作", "value": 1}, {"name": "全年龄游戏", "value": 1}]}, {"name": "按游戏平台分类", "children": [{"name": "游戏主机", "value": 1}, {"name": "家用机", "value": 5}, {"name": "掌机", "value": 1}, {"name": "街机", "value": 1}, {"name": "弹珠机", "value": 1}, {"name": "老虎机", "value": 7}, {"name": "电脑游戏", "value": 133}, {"name": "网页游戏", "value": 1}, {"name": "手机游戏", "value": 126}, {"name": "二次元手游", "value": 1}, {"name": "桌上游戏", "value": 1}]}, {"name": "按玩家人数分类", "children": [{"name": "单机游戏", "value": 1283}, {"name": "本地合作/分屏游戏/热座模式", "value": 1}, {"name": "局域网联机游戏", "value": 1}, {"name": "网络游戏", "value": 142}, {"name": "区块链游戏", "value": 1}, {"name": "零人游戏", "value": 1}]}, {"name": "其他分类", "children": [{"name": "MUD游戏", "value": 1}, {"name": "邮递型游戏", "value": 1}, {"name": "网络文字角色扮演游戏", "value": 1}, {"name": "Flash游戏", "value": 1}, {"name": "增强现实游戏、", "value": 1}, {"name": "虚拟现实游戏", "value": 1}, {"name": "数值游戏", "value": 1}, {"name": "内容游戏", "value": 1}, {"name": "买断制游戏", "value": 1}, {"name": "服务型游戏", "value": 1}, {"name": "体感游戏", "value": 1}, {"name": "反人类游戏", "value": 1}, {"name": "聚会游戏", "value": 1}, {"name": "换皮游戏", "value": 1}, {"name": "情怀游戏", "value": 1}, {"name": "像素游戏", "value": 1}, {"name": "虚构游戏", "value": 1}, {"name": "IO游戏", "value": 1}]}]}, {"name": "角色与职责", "children": [{"name": "角色综合", "children": [{"name": "玩家角色", "value": 1}, {"name": "第四天灾", "value": 1}, {"name": "可控角色", "value": 1}, {"name": "NPC", "value": 1}, {"name": "游戏人物属性", "value": 1}, {"name": "游戏职业", "value": 1}, {"name": "转职系统/职业树", "value": 1}, {"name": "职业克制", "value": 1}, {"name": "转生系统", "value": 1}, {"name": "宠物/坐骑", "value": 1}, {"name": "怪物", "value": 6108}, {"name": "特殊怪物", "value": 1}, {"name": "杂兵", "value": 66}, {"name": "精英怪", "value": 1}, {"name": "BOSS", "value": 1}, {"name": "最终BOSS", "value": 1}, {"name": "隐藏BOSS", "value": 1}, {"name": "世界BOSS", "value": 1}]}, {"name": "职责分工", "children": [{"name": "DPS", "value": 1}, {"name": "坦克(MT)", "value": 1}, {"name": "奶妈/奶爸", "value": 1}, {"name": "上单", "value": 1}, {"name": "中单", "value": 1}, {"name": "ADC", "value": 1}, {"name": "辅助", "value": 6991}, {"name": "打野", "value": 4038}, {"name": "n号位", "value": 1}]}, {"name": "主要职业", "children": [{"name": "法师", "value": 5325}, {"name": "战士", "value": 3275}, {"name": "刺客", "value": 1064}, {"name": "弓箭手/射手", "value": 1}]}]}, {"name": "游戏玩法用语", "children": [{"name": "通用", "children": [{"name": "AFK", "value": 1}, {"name": "APM", "value": 1}, {"name": "S／L大法", "value": 1}, {"name": "TAS", "value": 1}, {"name": "快速战斗", "value": 1}, {"name": "点券/充值", "value": 1}, {"name": "攻略", "value": 1}, {"name": "大招/必杀技/奥义/终极技能", "value": 1}, {"name": "被动技能", "value": 1}, {"name": "判定", "value": 861}, {"name": "质检员/守门员", "value": 1}, {"name": "触手", "value": 139}, {"name": "玩家", "value": 1}, {"name": "高端玩家", "value": 1}, {"name": "爆机(通关)", "value": 1}, {"name": "无伤通关", "value": 1}, {"name": "完美通关", "value": 1}, {"name": "低通/裸通", "value": 1}, {"name": "微操", "value": 41}, {"name": "卖血", "value": 1}, {"name": "爆肝", "value": 1}, {"name": "刷图", "value": 1}, {"name": "国战", "value": 36}, {"name": "高ping战士", "value": 1}, {"name": "天赋树", "value": 1}, {"name": "团灭", "value": 1}, {"name": "垃圾话", "value": 1}, {"name": "单挑/solo/sala", "value": 1}, {"name": "一骑讨", "value": 1}, {"name": "新手光环", "value": 1}, {"name": "新秀墙", "value": 1}, {"name": "职业歧视", "value": 1}, {"name": "修仙", "value": 297}, {"name": "删号", "value": 1}, {"name": "开发票", "value": 4}, {"name": "霸体", "value": 1}, {"name": "光环", "value": 195}, {"name": "受身", "value": 89}, {"name": "首杀", "value": 1}, {"name": "神风", "value": 1}, {"name": "初见杀", "value": 1}, {"name": "剧情杀", "value": 1}, {"name": "环境伤害/地形杀", "value": 1}, {"name": "持续伤害/DoT", "value": 1}, {"name": "代码杀", "value": 1}, {"name": "前摇", "value": 1}, {"name": "后摇", "value": 1}, {"name": "养老", "value": 604}, {"name": "速通", "value": 1}, {"name": "友军", "value": 90}, {"name": "处决", "value": 677}, {"name": "数值怪", "value": 1}, {"name": "拐", "value": 1492}, {"name": "刮痧", "value": 444}, {"name": "破防", "value": 1596}, {"name": "酱油", "value": 167}, {"name": "混子", "value": 1}, {"name": "老板", "value": 1200}, {"name": "大哥", "value": 2619}, {"name": "图纸oo（图纸枪/图纸车/图纸船/图纸机 等）", "value": 1}, {"name": "回血", "value": 1}, {"name": "呼吸回血", "value": 1}, {"name": "锁血", "value": 1}, {"name": "反伤", "value": 1}, {"name": "Poke", "value": 1}, {"name": "机器人/BOT", "value": 1}, {"name": "开团", "value": 1}, {"name": "仓鼠党/囤囤鼠", "value": 1}, {"name": "帧伤", "value": 1}, {"name": "无敌", "value": 4652}, {"name": "控", "value": 6693}, {"name": "硬控", "value": 1}, {"name": "o服第一xx", "value": 1}, {"name": "专属武器（专武）", "value": 1}, {"name": "构筑", "value": 79}]}, {"name": "(A)RPG类", "children": [{"name": "PVP", "value": 1}, {"name": "PVE", "value": 1}, {"name": "公会", "value": 1217}, {"name": "组队", "value": 1294}, {"name": "拾荒", "value": 1}, {"name": "卖队友", "value": 1}, {"name": "走位", "value": 1}, {"name": "秦王步法", "value": 1}, {"name": "CD流", "value": 1}, {"name": "猥琐流", "value": 1}, {"name": "一波流", "value": 1}, {"name": "仇恨溢出", "value": 1}, {"name": "经验宝宝", "value": 1}, {"name": "站桩", "value": 1}, {"name": "打桩", "value": 215}, {"name": "键盘钢琴家", "value": 1}, {"name": "强杀", "value": 36}, {"name": "冷却/读条完毕", "value": 1}, {"name": "PK", "value": 1}, {"name": "/Play Kill（虐杀玩家）/Player Killer（玩家攻击者）/Player Killing（虐杀玩家[行为]）", "value": 1}, {"name": "脱战", "value": 97}, {"name": "下线遁", "value": 1}, {"name": "回城", "value": 231}, {"name": "计生", "value": 9}, {"name": "鸡神", "value": 1}, {"name": "平A/走A", "value": 1}, {"name": "DKP", "value": 1}, {"name": "NINJA/毛装", "value": 1}, {"name": "堆尸", "value": 5}]}, {"name": "FPS类", "children": [{"name": "点位", "value": 511}, {"name": "安包", "value": 11}, {"name": "拆包", "value": 1}, {"name": "扔雷", "value": 1}, {"name": "爆头", "value": 1}, {"name": "甩狙", "value": 1}, {"name": "跟狙", "value": 1}, {"name": "闪镜（瞬狙）", "value": 1}, {"name": "跳狙", "value": 1}, {"name": "盲狙", "value": 1}, {"name": "卡BUG", "value": 1}, {"name": "穿墙", "value": 1}, {"name": "Rush B", "value": 1}, {"name": "PTFO", "value": 1}, {"name": "枪法", "value": 1377}, {"name": "走位", "value": 1}, {"name": "对枪", "value": 1}, {"name": "压枪", "value": 1}, {"name": "老六", "value": 416}, {"name": "卖头", "value": 1}]}, {"name": "FTG类", "children": [{"name": "波动拳", "value": 1}, {"name": "升龙拳", "value": 1}, {"name": "龙卷旋风脚", "value": 1}, {"name": "瞬狱杀", "value": 1}, {"name": "必杀技", "value": 1}, {"name": "凹", "value": 854}, {"name": "目押", "value": 1}, {"name": "波升流", "value": 1}, {"name": "硬直", "value": 1}, {"name": "裸杀", "value": 1}, {"name": "立回", "value": 1}, {"name": "差合", "value": 1}, {"name": "择", "value": 6737}, {"name": "取消", "value": 1083}, {"name": "爆气", "value": 1}, {"name": "段(上•中•下)", "value": 1}, {"name": "打康", "value": 1}, {"name": "无责任", "value": 1}, {"name": "连击修正", "value": 1}, {"name": "当身", "value": 1}, {"name": "投技", "value": 92}, {"name": "飞行道具", "value": 3}]}, {"name": "STG类", "children": [{"name": "自机", "value": 1}, {"name": "子机", "value": 1}, {"name": "Bomb（雷）/抱B/NB", "value": 1}, {"name": "残机/Miss/NM", "value": 1}, {"name": "扭/猴/缩", "value": 1}, {"name": "糟/发", "value": 1}, {"name": "体术", "value": 1}, {"name": "背版", "value": 1}, {"name": "安定", "value": 25}, {"name": "增援", "value": 11}, {"name": "上线", "value": 3887}, {"name": "沙包", "value": 78}, {"name": "低封", "value": 1}, {"name": "死尸弹", "value": 1}, {"name": "rank", "value": 150}, {"name": "火力", "value": 376}, {"name": "hyper", "value": 1}, {"name": "蓄力", "value": 1998}]}, {"name": "MOBA类", "children": [{"name": "开黑", "value": 1}, {"name": "排位分段", "value": 1}, {"name": "兵线", "value": 1}, {"name": "补兵", "value": 1}, {"name": "推塔", "value": 1}, {"name": "破路", "value": 1}, {"name": "Gank", "value": 1}, {"name": "反蹲", "value": 1}, {"name": "团战", "value": 1}, {"name": "对线", "value": 1}, {"name": "抢人头", "value": 1}, {"name": "送人头", "value": 1}, {"name": "演员", "value": 285}, {"name": "虐泉", "value": 1}, {"name": "偷塔/偷家", "value": 1}, {"name": "背锅", "value": 1}, {"name": "换家", "value": 1}]}, {"name": "音乐游戏类", "children": [{"name": "收歌", "value": 1}, {"name": "无视重力的跳跃", "value": 1}, {"name": "谱面", "value": 1}, {"name": "BPM", "value": 1}, {"name": "段位系统", "value": 1}, {"name": "难民", "value": 115}, {"name": "隐藏曲", "value": 1}, {"name": "隐藏谱面", "value": 1}, {"name": "粪谱", "value": 1}, {"name": "馅蜜", "value": 1}, {"name": "和尚", "value": 150}, {"name": "片手", "value": 1}, {"name": "插音", "value": 1}, {"name": "全连", "value": 2}, {"name": "Full Fail", "value": 1}, {"name": "回头厨", "value": 1}, {"name": "变速", "value": 6}, {"name": "soft landing", "value": 1}, {"name": "谱面停止", "value": 1}, {"name": "鱼蛋", "value": 1}, {"name": "诈称", "value": 1}, {"name": "全押", "value": 1}, {"name": "出勤", "value": 10}, {"name": "背板", "value": 1}, {"name": "Double Play", "value": 1}, {"name": "音游梗", "value": 1}, {"name": "音游王", "value": 1}]}, {"name": "抽卡游戏类", "children": [{"name": "稀有度/星级", "value": 1}, {"name": "星级/阶级", "value": 1}, {"name": "缘分/纽带/派别/羁绊", "value": 1}, {"name": "狗粮", "value": 1}, {"name": "公式", "value": 1409}, {"name": "觉醒", "value": 534}, {"name": "单抽", "value": 1}, {"name": "/连抽", "value": 1}, {"name": "保底/天井", "value": 1}]}, {"name": "玄学相关", "children": [{"name": "非洲人/非酋", "value": 1}, {"name": "欧洲人/欧皇", "value": 1}, {"name": "非提", "value": 1}, {"name": "欧提", "value": 1}, {"name": "人品", "value": 145}, {"name": "海豹", "value": 62}, {"name": "天胡", "value": 1}, {"name": "许愿", "value": 155}, {"name": "玄不救非，氪不改命", "value": 1}]}, {"name": "游戏典故", "children": [{"name": "十里坡剑神", "value": 1}, {"name": "一夜过后", "value": 1}, {"name": "1V5", "value": 1}, {"name": "俸俸伲购美病", "value": 1}, {"name": "父马可亲", "value": 1}, {"name": "少女卷轴", "value": 1}, {"name": "炸鸡勇者", "value": 1}, {"name": "反向Q", "value": 1}, {"name": "吃鸡", "value": 1}, {"name": "胆创", "value": 1}, {"name": "孙笨", "value": 1}, {"name": "通渠", "value": 4}, {"name": "T pose", "value": 1}, {"name": "Jack-O‘ Pose", "value": 1}, {"name": "刀刀烈火", "value": 1}, {"name": "科乐美秘技", "value": 1}]}, {"name": "游戏圈吐槽语", "children": [{"name": "ADC in 2017", "value": 1}, {"name": "本人操作", "value": 1}, {"name": "电表倒转", "value": 1}, {"name": "风暴oo", "value": 1}, {"name": "GG", "value": 1}, {"name": "G胖不会数3", "value": 1}, {"name": "海外无人权", "value": 1}, {"name": "你知道我的痛楚吗", "value": 1}, {"name": "强度美", "value": 1}, {"name": "人体描边大师", "value": 1}, {"name": "赛博精神病", "value": 1}, {"name": "手痒难耐，渴望打架", "value": 1}, {"name": "土豆服务器", "value": 1}, {"name": "V社时间", "value": 1}, {"name": "我们来削弱oo吧", "value": 1}, {"name": "星际玩家", "value": 1}, {"name": "一代补丁一代神", "value": 1}, {"name": "用心做oo，用脚做游戏", "value": 1}, {"name": "这火我不传", "value": 1}, {"name": "临时工", "value": 9}, {"name": "拉胯", "value": 1}, {"name": "开个脉动，好走不送", "value": 1}, {"name": "正版游戏受害者", "value": 1}, {"name": "骂完记得买", "value": 1}, {"name": "请各位oo在过场动画至少穿得像个人", "value": 1}, {"name": "我们做了一个艰难的决定", "value": 1}, {"name": "一切以结算为准", "value": 1}]}]}]